Workbook

Sheet Original Data
A1: Variable Name | B1: Value | C1: P | D1: R | E1: A1 | F1: A2 | G1: A3 | H1: B1 | I1: B2 | J1: B3 | K1: C1 | L1: C2 | M1: C3
A2: P | B2: Precinct Name | C2: 1000 | D2: 640 | E2: 15 | F2: 14 | G2: 2 | H2: 42 | I2: 66 | J2: 15 | K2: 14 | L2: 6 | M2: 27
A3: R | B3: Registered | C3: 1001 | D3: 1053 | E3: 15 | F3: 22 | G3: 14 | H3: 37 | I3: 76 | J3: 22 | K3: 14 | L3: 11 | M3: 23
A4: A1 | B4: Hyt Early | C4: 1004 | D4: 1917 | E4: 7 | F4: 17 | G4: 9 | H4: 21 | I4: 72 | J4: 24 | K4: 6 | L4: 11 | M4: 63
A5: A2 | B5: Hyt Mail | C5: 1005 | D5: 1599 | E5: 14 | F5: 26 | G5: 11 | H5: 65 | I5: 130 | J5: 29 | K5: 27 | L5: 10 | M5: 62
A6: A3 | B6: Hyt EDV | C6: 1006 | D6: 1548 | E6: 5 | F6: 27 | G6: 6 | H6: 33 | I6: 68 | J6: 27 | K6: 16 | L6: 6 | M6: 39
A7: B1 | B7: McMahill Early | C7: 1007 | D7: 2681 | E7: 14 | F7: 24 | G7: 9 | H7: 36 | I7: 102 | J7: 33 | K7: 17 | L7: 15 | M7: 47
A8: B2 | B8: McMahill Mail | C8: 1008 | D8: 3439 | E8: 15 | F8: 38 | G8: 25 | H8: 65 | I8: 139 | J8: 35 | K8: 27 | L8: 16 | M8: 64
A9: B3 | B9: McMahill EDV | C9: 1009 | D9: 1380 | E9: 23 | F9: 25 | G9: 29 | H9: 67 | I9: 118 | J9: 46 | K9: 24 | L9: 21 | M9: 51
A10: C1 | B10: Roberts Early | C10: 1012 | D10: 1883 | E10: 23 | F10: 57 | G10: 28 | H10: 82 | I10: 244 | J10: 69 | K10: 35 | L10: 22 | M10: 121
A11: C2 | B11: Roberts Mail | C11: 1015 | D11: 2510 | E11: 34 | F11: 48 | G11: 19 | H11: 69 | I11: 155 | J11: 42 | K11: 14 | L11: 20 | M11: 78
A12: C3 | B12: Roberts EDV | C12: 1016 | D12: 485 | E12: 4 | F12: 15 | G12: 12 | H12: 21 | I12: 47 | J12: 17 | K12: 7 | L12: 2 | M12: 28
C13: 1038 | D13: 2098 | E13: 14 | F13: 38 | G13: 10 | H13: 59 | I13: 120 | J13: 27 | K13: 13 | L13: 9 | M13: 49
C14: 1039 | D14: 3242 | E14: 27 | F14: 74 | G14: 33 | H14: 143 | I14: 271 | J14: 73 | K14: 38 | L14: 22 | M14: 116
C15: 1063 | D15: 1412 | E15: 12 | F15: 27 | G15: 24 | H15: 49 | I15: 115 | J15: 48 | K15: 21 | L15: 7 | M15: 46
C16: 1074 | D16: 2203 | E16: 6 | F16: 47 | G16: 20 | H16: 37 | I16: 230 | J16: 77 | K16: 11 | L16: 19 | M16: 84
C17: 1302 | D17: 3655 | E17: 32 | F17: 42 | G17: 14 | H17: 85 | I17: 232 | J17: 60 | K17: 31 | L17: 38 | M17: 81
C18: 1304 | D18: 2660 | E18: 19 | F18: 40 | G18: 30 | H18: 53 | I18: 145 | J18: 35 | K18: 28 | L18: 13 | M18: 64
C19: 1307 | D19: 2027 | E19: 29 | F19: 30 | G19: 27 | H19: 66 | I19: 142 | J19: 44 | K19: 18 | L19: 18 | M19: 63
C20: 1318 | D20: 1739 | E20: 14 | F20: 20 | G20: 12 | H20: 29 | I20: 71 | J20: 29 | K20: 5 | L20: 6 | M20: 28
C21: 1327 | D21: 2196 | E21: 19 | F21: 22 | G21: 15 | H21: 33 | I21: 85 | J21: 23 | K21: 18 | L21: 13 | M21: 36
C22: 1328 | D22: 1757 | E22: 11 | F22: 22 | G22: 13 | H22: 38 | I22: 105 | J22: 25 | K22: 20 | L22: 8 | M22: 45
C23: 1330 | D23: 1937 | E23: 27 | F23: 41 | G23: 29 | H23: 69 | I23: 130 | J23: 66 | K23: 21 | L23: 12 | M23: 43
C24: 1331 | D24: 1777 | E24: 11 | F24: 30 | G24: 24 | H24: 27 | I24: 86 | J24: 31 | K24: 11 | L24: 6 | M24: 44
... C599: 7730 | D599: 2494 | E599: 12 | F599: 52 | G599: 43 | H599: 62 | I599: 208 | J599: 47 | K599: 31 | L599: 18 | M599: 95

Sheet Restored Results
A1: Variable Name | B1: Value | D1: P | E1: R | F1: A1 | G1: A2 | H1: A3 | I1: B1 | J1: B2 | K1: B3 | L1: C1 | M1: C2 | N1: C3 | O1: Total | P1: Relative Restore-> | Q1: A1 | R1: A2 | S1: A3 | T1: B1 | U1: B2 | V1: B3 | W1: C1 | X1: C2 | Y1: C3 | Z1: Total | AA1: Great Scale | AB1: Final Restore--> | AC1: A1 | AD1: A2 | AE1: A3 | AF1: B1 | AG1: B2 | AH1: B3 | AI1: C1 | AJ1: C2 | AK1: C3 | AL1: Total
A2: P | B2: Precinct Name | D2: 1000 | E2: 640 | F2: 15 | G2: 14 | H2: 2 | I2: 42 | J2: 66 | K2: 15 | L2: 14 | M2: 6 | N2: 27 | O2: =SUM(F2:N2) -> 201 | Q2: ='X,Y restore'!G2 -> 15 | R2: ='X,Y restore'!H2 -> 7 | S2: ='X,Y restore'!I2 -> 2 | T2: ='X,Y restore'!AI2 -> 10 | U2: ='X,Y restore'!AG2 -> 4 | V2: ='X,Y restore'!AJ2 -> 0 | W2: ='X,Y restore'!M2 -> 13 | X2: ='X,Y restore'!N2 -> 6 | Y2: ='X,Y restore'!O2 -> 1 | Z2: =SUM(Q2:Y2) -> 58 | AA2: =O2/Z2 -> 3.4655172 | AC2: =ROUND($AA2*Q2,0) -> 52 | AD2: =ROUND($AA2*R2,0) -> 24 | AE2: =ROUND($AA2*S2,0) -> 7 | AF2: =ROUND($AA2*T2,0) -> 35 | AG2: =ROUND($AA2*U2,0) -> 14 | AH2: =ROUND($AA2*V2,0) -> 0 | AI2: =ROUND($AA2*W2,0) -> 45 | AJ2: =ROUND($AA2*X2,0) -> 21 | AK2: =ROUND($AA2*Y2,0) -> 3 | AL2: =SUM(AC2:AK2) -> 201
A3: R | B3: Registered | D3: 1001 | E3: 1053 | F3: 15 | G3: 22 | H3: 14 | I3: 37 | J3: 76 | K3: 22 | L3: 14 | M3: 11 | N3: 23 | O3: =SUM(F3:N3) -> 234 | Q3: ='X,Y restore'!G3 -> 15 | R3: ='X,Y restore'!H3 -> 13 | S3: ='X,Y restore'!I3 -> 14 | T3: ='X,Y restore'!AI3 -> 8 | U3: ='X,Y restore'!AG3 -> 6 | V3: ='X,Y restore'!AJ3 -> 6 | W3: ='X,Y restore'!M3 -> 14 | X3: ='X,Y restore'!N3 -> 11 | Y3: ='X,Y restore'!O3 -> 8 | Z3: =SUM(Q3:Y3) -> 95 | AA3: =O3/Z3 -> 2.4631579 | AC3: =ROUND($AA3*Q3,0) -> 37 | AD3: =ROUND($AA3*R3,0) -> 32 | AE3: =ROUND($AA3*S3,0) -> 34 | AF3: =ROUND($AA3*T3,0) -> 20 | AG3: =ROUND($AA3*U3,0) -> 15 | AH3: =ROUND($AA3*V3,0) -> 15 | AI3: =ROUND($AA3*W3,0) -> 34 | AJ3: =ROUND($AA3*X3,0) -> 27 | AK3: =ROUND($AA3*Y3,0) -> 20 | AL3: =SUM(AC3:AK3) -> 234
A4: A1 | B4: Hyt Early | D4: 1004 | E4: 1917 | F4: 7 | G4: 17 | H4: 9 | I4: 21 | J4: 72 | K4: 24 | L4: 6 | M4: 11 | N4: 63 | O4: =SUM(F4:N4) -> 230 | Q4: ='X,Y restore'!G4 -> 7 | R4: ='X,Y restore'!H4 -> 8 | S4: ='X,Y restore'!I4 -> 9 | T4: ='X,Y restore'!AI4 -> 5 | U4: ='X,Y restore'!AG4 -> 6 | V4: ='X,Y restore'!AJ4 -> 9 | W4: ='X,Y restore'!M4 -> 7 | X4: ='X,Y restore'!N4 -> 11 | Y4: ='X,Y restore'!O4 -> 22 | Z4: =SUM(Q4:Y4) -> 84 | AA4: =O4/Z4 -> 2.7380952 | AC4: =ROUND($AA4*Q4,0) -> 19 | AD4: =ROUND($AA4*R4,0) -> 22 | AE4: =ROUND($AA4*S4,0) -> 25 | AF4: =ROUND($AA4*T4,0) -> 14 | AG4: =ROUND($AA4*U4,0) -> 16 | AH4: =ROUND($AA4*V4,0) -> 25 | AI4: =ROUND($AA4*W4,0) -> 19 | AJ4: =ROUND($AA4*X4,0) -> 30 | AK4: =ROUND($AA4*Y4,0) -> 60 | AL4: =SUM(AC4:AK4) -> 230
A5: A2 | B5: Hyt Mail | D5: 1005 | E5: 1599 | F5: 14 | G5: 26 | H5: 11 | I5: 65 | J5: 130 | K5: 29 | L5: 27 | M5: 10 | N5: 62 | O5: =SUM(F5:N5) -> 374 | Q5: ='X,Y restore'!G5 -> 14 | R5: ='X,Y restore'!H5 -> 7 | S5: ='X,Y restore'!I5 -> 11 | T5: ='X,Y restore'!AI5 -> 17 | U5: ='X,Y restore'!AG5 -> 6 | V5: ='X,Y restore'!AJ5 -> 8 | W5: ='X,Y restore'!M5 -> 25 | X5: ='X,Y restore'!N5 -> 10 | Y5: ='X,Y restore'!O5 -> 18 | Z5: =SUM(Q5:Y5) -> 116 | AA5: =O5/Z5 -> 3.2241379 | AC5: =ROUND($AA5*Q5,0) -> 45 | AD5: =ROUND($AA5*R5,0) -> 23 | AE5: =ROUND($AA5*S5,0) -> 35 | AF5: =ROUND($AA5*T5,0) -> 55 | AG5: =ROUND($AA5*U5,0) -> 19 | AH5: =ROUND($AA5*V5,0) -> 26 | AI5: =ROUND($AA5*W5,0) -> 81 | AJ5: =ROUND($AA5*X5,0) -> 32 | AK5: =ROUND($AA5*Y5,0) -> 58 | AL5: =SUM(AC5:AK5) -> 374
A6: A3 | B6: Hyt EDV | D6: 1006 | E6: 1548 | F6: 5 | G6: 27 | H6: 6 | I6: 33 | J6: 68 | K6: 27 | L6: 16 | M6: 6 | N6: 39 | O6: =SUM(F6:N6) -> 227 | Q6: ='X,Y restore'!G6 -> 5 | R6: ='X,Y restore'!H6 -> 5 | S6: ='X,Y restore'!I6 -> 6 | T6: ='X,Y restore'!AI6 -> 8 | U6: ='X,Y restore'!AG6 -> 4 | V6: ='X,Y restore'!AJ6 -> 9 | W6: ='X,Y restore'!M6 -> 15 | X6: ='X,Y restore'!N6 -> 6 | Y6: ='X,Y restore'!O6 -> 16 | Z6: =SUM(Q6:Y6) -> 74 | AA6: =O6/Z6 -> 3.0675676 | AC6: =ROUND($AA6*Q6,0) -> 15 | AD6: =ROUND($AA6*R6,0) -> 15 | AE6: =ROUND($AA6*S6,0) -> 18 | AF6: =ROUND($AA6*T6,0) -> 25 | AG6: =ROUND($AA6*U6,0) -> 12 | AH6: =ROUND($AA6*V6,0) -> 28 | AI6: =ROUND($AA6*W6,0) -> 46 | AJ6: =ROUND($AA6*X6,0) -> 18 | AK6: =ROUND($AA6*Y6,0) -> 49 | AL6: =SUM(AC6:AK6) -> 226
A7: B1 | B7: McMahill Early | D7: 1007 | E7: 2681 | F7: 14 | G7: 24 | H7: 9 | I7: 36 | J7: 102 | K7: 33 | L7: 17 | M7: 15 | N7: 47 | O7: =SUM(F7:N7) -> 297 | Q7: ='X,Y restore'!G7 -> 14 | R7: ='X,Y restore'!H7 -> 15 | S7: ='X,Y restore'!I7 -> 9 | T7: ='X,Y restore'!AI7 -> 9 | U7: ='X,Y restore'!AG7 -> 8 | V7: ='X,Y restore'!AJ7 -> 8 | W7: ='X,Y restore'!M7 -> 17 | X7: ='X,Y restore'!N7 -> 15 | Y7: ='X,Y restore'!O7 -> 12 | Z7: =SUM(Q7:Y7) -> 107 | AA7: =O7/Z7 -> 2.7757009 | AC7: =ROUND($AA7*Q7,0) -> 39 | AD7: =ROUND($AA7*R7,0) -> 42 | AE7: =ROUND($AA7*S7,0) -> 25 | AF7: =ROUND($AA7*T7,0) -> 25 | AG7: =ROUND($AA7*U7,0) -> 22 | AH7: =ROUND($AA7*V7,0) -> 22 | AI7: =ROUND($AA7*W7,0) -> 47 | AJ7: =ROUND($AA7*X7,0) -> 42 | AK7: =ROUND($AA7*Y7,0) -> 33 | AL7: =SUM(AC7:AK7) -> 297
A8: B2 | B8: McMahill Mail | D8: 1008 | E8: 3439 | F8: 15 | G8: 38 | H8: 25 | I8: 65 | J8: 139 | K8: 35 | L8: 27 | M8: 16 | N8: 64 | O8: =SUM(F8:N8) -> 424 | Q8: ='X,Y restore'!G8 -> 15 | R8: ='X,Y restore'!H8 -> 11 | S8: ='X,Y restore'!I8 -> 25 | T8: ='X,Y restore'!AI8 -> 16 | U8: ='X,Y restore'!AG8 -> 9 | V8: ='X,Y restore'!AJ8 -> 16 | W8: ='X,Y restore'!M8 -> 26 | X8: ='X,Y restore'!N8 -> 16 | Y8: ='X,Y restore'!O8 -> 38 | Z8: =SUM(Q8:Y8) -> 172 | AA8: =O8/Z8 -> 2.4651163 | AC8: =ROUND($AA8*Q8,0) -> 37 | AD8: =ROUND($AA8*R8,0) -> 27 | AE8: =ROUND($AA8*S8,0) -> 62 | AF8: =ROUND($AA8*T8,0) -> 39 | AG8: =ROUND($AA8*U8,0) -> 22 | AH8: =ROUND($AA8*V8,0) -> 39 | AI8: =ROUND($AA8*W8,0) -> 64 | AJ8: =ROUND($AA8*X8,0) -> 39 | AK8: =ROUND($AA8*Y8,0) -> 94 | AL8: =SUM(AC8:AK8) -> 423
A9: B3 | B9: McMahill EDV | D9: 1009 | E9: 1380 | F9: 23 | G9: 25 | H9: 29 | I9: 67 | J9: 118 | K9: 46 | L9: 24 | M9: 21 | N9: 51 | O9: =SUM(F9:N9) -> 404 | Q9: ='X,Y restore'!G9 -> 23 | R9: ='X,Y restore'!H9 -> 15 | S9: ='X,Y restore'!I9 -> 29 | T9: ='X,Y restore'!AI9 -> 13 | U9: ='X,Y restore'!AG9 -> 11 | V9: ='X,Y restore'!AJ9 -> 15 | W9: ='X,Y restore'!M9 -> 23 | X9: ='X,Y restore'!N9 -> 21 | Y9: ='X,Y restore'!O9 -> 23 | Z9: =SUM(Q9:Y9) -> 173 | AA9: =O9/Z9 -> 2.3352601 | AC9: =ROUND($AA9*Q9,0) -> 54 | AD9: =ROUND($AA9*R9,0) -> 35 | AE9: =ROUND($AA9*S9,0) -> 68 | AF9: =ROUND($AA9*T9,0) -> 30 | AG9: =ROUND($AA9*U9,0) -> 26 | AH9: =ROUND($AA9*V9,0) -> 35 | AI9: =ROUND($AA9*W9,0) -> 54 | AJ9: =ROUND($AA9*X9,0) -> 49 | AK9: =ROUND($AA9*Y9,0) -> 54 | AL9: =SUM(AC9:AK9) -> 405
A10: C1 | B10: Roberts Early | D10: 1012 | E10: 1883 | F10: 23 | G10: 57 | H10: 28 | I10: 82 | J10: 244 | K10: 69 | L10: 35 | M10: 22 | N10: 121 | O10: =SUM(F10:N10) -> 681 | Q10: ='X,Y restore'!G10 -> 23 | R10: ='X,Y restore'!H10 -> 18 | S10: ='X,Y restore'!I10 -> 28 | T10: ='X,Y restore'!AI10 -> 19 | U10: ='X,Y restore'!AG10 -> 14 | V10: ='X,Y restore'!AJ10 -> 26 | W10: ='X,Y restore'!M10 -> 34 | X10: ='X,Y restore'!N10 -> 22 | Y10: ='X,Y restore'!O10 -> 52 | Z10: =SUM(Q10:Y10) -> 236 | AA10: =O10/Z10 -> 2.8855932 | AC10: =ROUND($AA10*Q10,0) -> 66 | AD10: =ROUND($AA10*R10,0) -> 52 | AE10: =ROUND($AA10*S10,0) -> 81 | AF10: =ROUND($AA10*T10,0) -> 55 | AG10: =ROUND($AA10*U10,0) -> 40 | AH10: =ROUND($AA10*V10,0) -> 75 | AI10: =ROUND($AA10*W10,0) -> 98 | AJ10: =ROUND($AA10*X10,0) -> 63 | AK10: =ROUND($AA10*Y10,0) -> 150 | AL10: =SUM(AC10:AK10) -> 680
A11: C2 | B11: Roberts Mail | D11: 1015 | E11: 2510 | F11: 34 | G11: 48 | H11: 19 | I11: 69 | J11: 155 | K11: 42 | L11: 14 | M11: 20 | N11: 78 | O11: =SUM(F11:N11) -> 479 | Q11: ='X,Y restore'!G11 -> 34 | R11: ='X,Y restore'!H11 -> 36 | S11: ='X,Y restore'!I11 -> 19 | T11: ='X,Y restore'!AI11 -> 15 | U11: ='X,Y restore'!AG11 -> 12 | V11: ='X,Y restore'!AJ11 -> 8 | W11: ='X,Y restore'!M11 -> 16 | X11: ='X,Y restore'!N11 -> 20 | Y11: ='X,Y restore'!O11 -> 17 | Z11: =SUM(Q11:Y11) -> 177 | AA11: =O11/Z11 -> 2.7062147 | AC11: =ROUND($AA11*Q11,0) -> 92 | AD11: =ROUND($AA11*R11,0) -> 97 | AE11: =ROUND($AA11*S11,0) -> 51 | AF11: =ROUND($AA11*T11,0) -> 41 | AG11: =ROUND($AA11*U11,0) -> 32 | AH11: =ROUND($AA11*V11,0) -> 22 | AI11: =ROUND($AA11*W11,0) -> 43 | AJ11: =ROUND($AA11*X11,0) -> 54 | AK11: =ROUND($AA11*Y11,0) -> 46 | AL11: =SUM(AC11:AK11) -> 478
A12: C3 | B12: Roberts EDV | D12: 1016 | E12: 485 | F12: 4 | G12: 15 | H12: 12 | I12: 21 | J12: 47 | K12: 17 | L12: 7 | M12: 2 | N12: 28 | O12: =SUM(F12:N12) -> 153 | Q12: ='X,Y restore'!G12 -> 4 | R12: ='X,Y restore'!H12 -> 1 | S12: ='X,Y restore'!I12 -> 12 | T12: ='X,Y restore'!AI12 -> 4 | U12: ='X,Y restore'!AG12 -> 1 | V12: ='X,Y restore'!AJ12 -> 11 | W12: ='X,Y restore'!M12 -> 7 | X12: ='X,Y restore'!N12 -> 2 | Y12: ='X,Y restore'!O12 -> 29 | Z12: =SUM(Q12:Y12) -> 71 | AA12: =O12/Z12 -> 2.1549296 | AC12: =ROUND($AA12*Q12,0) -> 9 | AD12: =ROUND($AA12*R12,0) -> 2 | AE12: =ROUND($AA12*S12,0) -> 26 | AF12: =ROUND($AA12*T12,0) -> 9 | AG12: =ROUND($AA12*U12,0) -> 2 | AH12: =ROUND($AA12*V12,0) -> 24 | AI12: =ROUND($AA12*W12,0) -> 15 | AJ12: =ROUND($AA12*X12,0) -> 4 | AK12: =ROUND($AA12*Y12,0) -> 62 | AL12: =SUM(AC12:AK12) -> 153
D13: 1038 | E13: 2098 | F13: 14 | G13: 38 | H13: 10 | I13: 59 | J13: 120 | K13: 27 | L13: 13 | M13: 9 | N13: 49 | O13: =SUM(F13:N13) -> 339 | Q13: ='X,Y restore'!G13 -> 14 | R13: ='X,Y restore'!H13 -> 15 | S13: ='X,Y restore'!I13 -> 10 | T13: ='X,Y restore'!AI13 -> 13 | U13: ='X,Y restore'!AG13 -> 6 | V13: ='X,Y restore'!AJ13 -> 6 | W13: ='X,Y restore'!M13 -> 14 | X13: ='X,Y restore'!N13 -> 9 | Y13: ='X,Y restore'!O13 -> 14 | Z13: =SUM(Q13:Y13) -> 101 | AA13: =O13/Z13 -> 3.3564356 | AC13: =ROUND($AA13*Q13,0) -> 47 | AD13: =ROUND($AA13*R13,0) -> 50 | AE13: =ROUND($AA13*S13,0) -> 34 | AF13: =ROUND($AA13*T13,0) -> 44 | AG13: =ROUND($AA13*U13,0) -> 20 | AH13: =ROUND($AA13*V13,0) -> 20 | AI13: =ROUND($AA13*W13,0) -> 47 | AJ13: =ROUND($AA13*X13,0) -> 30 | AK13: =ROUND($AA13*Y13,0) -> 47 | AL13: =SUM(AC13:AK13) -> 339
D14: 1039 | E14: 3242 | F14: 27 | G14: 74 | H14: 33 | I14: 143 | J14: 271 | K14: 73 | L14: 38 | M14: 22 | N14: 116 | O14: =SUM(F14:N14) -> 797 | Q14: ='X,Y restore'!G14 -> 27 | R14: ='X,Y restore'!H14 -> 22 | S14: ='X,Y restore'!I14 -> 33 | T14: ='X,Y restore'!AI14 -> 30 | U14: ='X,Y restore'!AG14 -> 14 | V14: ='X,Y restore'!AJ14 -> 24 | W14: ='X,Y restore'!M14 -> 38 | X14: ='X,Y restore'!N14 -> 22 | Y14: ='X,Y restore'!O14 -> 51 | Z14: =SUM(Q14:Y14) -> 261 | AA14: =O14/Z14 -> 3.0536398 | AC14: =ROUND($AA14*Q14,0) -> 82 | AD14: =ROUND($AA14*R14,0) -> 67 | AE14: =ROUND($AA14*S14,0) -> 101 | AF14: =ROUND($AA14*T14,0) -> 92 | AG14: =ROUND($AA14*U14,0) -> 43 | AH14: =ROUND($AA14*V14,0) -> 73 | AI14: =ROUND($AA14*W14,0) -> 116 | AJ14: =ROUND($AA14*X14,0) -> 67 | AK14: =ROUND($AA14*Y14,0) -> 156 | AL14: =SUM(AC14:AK14) -> 797
D15: 1063 | E15: 1412 | F15: 12 | G15: 27 | H15: 24 | I15: 49 | J15: 115 | K15: 48 | L15: 21 | M15: 7 | N15: 46 | O15: =SUM(F15:N15) -> 349 | Q15: ='X,Y restore'!G15 -> 12 | R15: ='X,Y restore'!H15 -> 3 | S15: ='X,Y restore'!I15 -> 24 | T15: ='X,Y restore'!AI15 -> 9 | U15: ='X,Y restore'!AG15 -> 5 | V15: ='X,Y restore'!AJ15 -> 19 | W15: ='X,Y restore'!M15 -> 20 | X15: ='X,Y restore'!N15 -> 7 | Y15: ='X,Y restore'!O15 -> 31 | Z15: =SUM(Q15:Y15) -> 130 | AA15: =O15/Z15 -> 2.6846154 | AC15: =ROUND($AA15*Q15,0) -> 32 | AD15: =ROUND($AA15*R15,0) -> 8 | AE15: =ROUND($AA15*S15,0) -> 64 | AF15: =ROUND($AA15*T15,0) -> 24 | AG15: =ROUND($AA15*U15,0) -> 13 | AH15: =ROUND($AA15*V15,0) -> 51 | AI15: =ROUND($AA15*W15,0) -> 54 | AJ15: =ROUND($AA15*X15,0) -> 19 | AK15: =ROUND($AA15*Y15,0) -> 83 | AL15: =SUM(AC15:AK15) -> 348
A16: Results | B16: Original Totals | C16: Restored Totals | D16: 1074 | E16: 2203 | F16: 6 | G16: 47 | H16: 20 | I16: 37 | J16: 230 | K16: 77 | L16: 11 | M16: 19 | N16: 84 | O16: =SUM(F16:N16) -> 531 | Q16: ='X,Y restore'!G16 -> 6 | R16: ='X,Y restore'!H16 -> 8 | S16: ='X,Y restore'!I16 -> 20 | T16: ='X,Y restore'!AI16 -> 3 | U16: ='X,Y restore'!AG16 -> 12 | V16: ='X,Y restore'!AJ16 -> 44 | W16: ='X,Y restore'!M16 -> 14 | X16: ='X,Y restore'!N16 -> 19 | Y16: ='X,Y restore'!O16 -> 115 | Z16: =SUM(Q16:Y16) -> 241 | AA16: =O16/Z16 -> 2.2033195 | AC16: =ROUND($AA16*Q16,0) -> 13 | AD16: =ROUND($AA16*R16,0) -> 18 | AE16: =ROUND($AA16*S16,0) -> 44 | AF16: =ROUND($AA16*T16,0) -> 7 | AG16: =ROUND($AA16*U16,0) -> 26 | AH16: =ROUND($AA16*V16,0) -> 97 | AI16: =ROUND($AA16*W16,0) -> 31 | AJ16: =ROUND($AA16*X16,0) -> 42 | AK16: =ROUND($AA16*Y16,0) -> 253 | AL16: =SUM(AC16:AK16) -> 531
A17: A1 | B17: 11627 | C17: 30715 | D17: 1302 | E17: 3655 | F17: 32 | G17: 42 | H17: 14 | I17: 85 | J17: 232 | K17: 60 | L17: 31 | M17: 38 | N17: 81 | O17: =SUM(F17:N17) -> 615 | Q17: ='X,Y restore'!G17 -> 32 | R17: ='X,Y restore'!H17 -> 43 | S17: ='X,Y restore'!I17 -> 14 | T17: ='X,Y restore'!AI17 -> 20 | U17: ='X,Y restore'!AG17 -> 21 | V17: ='X,Y restore'!AJ17 -> 10 | W17: ='X,Y restore'!M17 -> 31 | X17: ='X,Y restore'!N17 -> 38 | Y17: ='X,Y restore'!O17 -> 14 | Z17: =SUM(Q17:Y17) -> 223 | AA17: =O17/Z17 -> 2.7578475 | AC17: =ROUND($AA17*Q17,0) -> 88 | AD17: =ROUND($AA17*R17,0) -> 119 | AE17: =ROUND($AA17*S17,0) -> 39 | AF17: =ROUND($AA17*T17,0) -> 55 | AG17: =ROUND($AA17*U17,0) -> 58 | AH17: =ROUND($AA17*V17,0) -> 28 | AI17: =ROUND($AA17*W17,0) -> 85 | AJ17: =ROUND($AA17*X17,0) -> 105 | AK17: =ROUND($AA17*Y17,0) -> 39 | AL17: =SUM(AC17:AK17) -> 616
A18: A2 | B18: 20748 | C18: 25064 | D18: 1304 | E18: 2660 | F18: 19 | G18: 40 | H18: 30 | I18: 53 | J18: 145 | K18: 35 | L18: 28 | M18: 13 | N18: 64 | O18: =SUM(F18:N18) -> 427 | Q18: ='X,Y restore'!G18 -> 19 | R18: ='X,Y restore'!H18 -> 8 | S18: ='X,Y restore'!I18 -> 30 | T18: ='X,Y restore'!AI18 -> 13 | U18: ='X,Y restore'!AG18 -> 8 | V18: ='X,Y restore'!AJ18 -> 17 | W18: ='X,Y restore'!M18 -> 27 | X18: ='X,Y restore'!N18 -> 13 | Y18: ='X,Y restore'!O18 -> 36 | Z18: =SUM(Q18:Y18) -> 171 | AA18: =O18/Z18 -> 2.497076 | AC18: =ROUND($AA18*Q18,0) -> 47 | AD18: =ROUND($AA18*R18,0) -> 20 | AE18: =ROUND($AA18*S18,0) -> 75 | AF18: =ROUND($AA18*T18,0) -> 32 | AG18: =ROUND($AA18*U18,0) -> 20 | AH18: =ROUND($AA18*V18,0) -> 42 | AI18: =ROUND($AA18*W18,0) -> 67 | AJ18: =ROUND($AA18*X18,0) -> 32 | AK18: =ROUND($AA18*Y18,0) -> 90 | AL18: =SUM(AC18:AK18) -> 425
A19: A3 | B19: 13275 | C19: 33776 | D19: 1307 | E19: 2027 | F19: 29 | G19: 30 | H19: 27 | I19: 66 | J19: 142 | K19: 44 | L19: 18 | M19: 18 | N19: 63 | O19: =SUM(F19:N19) -> 437 | Q19: ='X,Y restore'!G19 -> 29 | R19: ='X,Y restore'!H19 -> 16 | S19: ='X,Y restore'!I19 -> 27 | T19: ='X,Y restore'!AI19 -> 14 | U19: ='X,Y restore'!AG19 -> 10 | V19: ='X,Y restore'!AJ19 -> 12 | W19: ='X,Y restore'!M19 -> 19 | X19: ='X,Y restore'!N19 -> 18 | Y19: ='X,Y restore'!O19 -> 23 | Z19: =SUM(Q19:Y19) -> 168 | AA19: =O19/Z19 -> 2.6011905 | AC19: =ROUND($AA19*Q19,0) -> 75 | AD19: =ROUND($AA19*R19,0) -> 42 | AE19: =ROUND($AA19*S19,0) -> 70 | AF19: =ROUND($AA19*T19,0) -> 36 | AG19: =ROUND($AA19*U19,0) -> 26 | AH19: =ROUND($AA19*V19,0) -> 31 | AI19: =ROUND($AA19*W19,0) -> 49 | AJ19: =ROUND($AA19*X19,0) -> 47 | AK19: =ROUND($AA19*Y19,0) -> 60 | AL19: =SUM(AC19:AK19) -> 436
A20: B1 | B20: 37509 | C20: 20701 | D20: 1318 | E20: 1739 | F20: 14 | G20: 20 | H20: 12 | I20: 29 | J20: 71 | K20: 29 | L20: 5 | M20: 6 | N20: 28 | O20: =SUM(F20:N20) -> 214 | Q20: ='X,Y restore'!G20 -> 14 | R20: ='X,Y restore'!H20 -> 10 | S20: ='X,Y restore'!I20 -> 12 | T20: ='X,Y restore'!AI20 -> 5 | U20: ='X,Y restore'!AG20 -> 4 | V20: ='X,Y restore'!AJ20 -> 6 | W20: ='X,Y restore'!M20 -> 6 | X20: ='X,Y restore'!N20 -> 6 | Y20: ='X,Y restore'!O20 -> 9 | Z20: =SUM(Q20:Y20) -> 72 | AA20: =O20/Z20 -> 2.9722222 | AC20: =ROUND($AA20*Q20,0) -> 42 | AD20: =ROUND($AA20*R20,0) -> 30 | AE20: =ROUND($AA20*S20,0) -> 36 | AF20: =ROUND($AA20*T20,0) -> 15 | AG20: =ROUND($AA20*U20,0) -> 12 | AH20: =ROUND($AA20*V20,0) -> 18 | AI20: =ROUND($AA20*W20,0) -> 18 | AJ20: =ROUND($AA20*X20,0) -> 18 | AK20: =ROUND($AA20*Y20,0) -> 27 | AL20: =SUM(AC20:AK20) -> 216
A21: B2 | B21: 82460 | C21: 15887 | D21: 1327 | E21: 2196 | F21: 19 | G21: 22 | H21: 15 | I21: 33 | J21: 85 | K21: 23 | L21: 18 | M21: 13 | N21: 36 | O21: =SUM(F21:N21) -> 264 | Q21: ='X,Y restore'!G21 -> 19 | R21: ='X,Y restore'!H21 -> 13 | S21: ='X,Y restore'!I21 -> 15 | T21: ='X,Y restore'!AI21 -> 8 | U21: ='X,Y restore'!AG21 -> 7 | V21: ='X,Y restore'!AJ21 -> 7 | W21: ='X,Y restore'!M21 -> 17 | X21: ='X,Y restore'!N21 -> 13 | Y21: ='X,Y restore'!O21 -> 10 | Z21: =SUM(Q21:Y21) -> 109 | AA21: =O21/Z21 -> 2.4220183 | AC21: =ROUND($AA21*Q21,0) -> 46 | AD21: =ROUND($AA21*R21,0) -> 31 | AE21: =ROUND($AA21*S21,0) -> 36 | AF21: =ROUND($AA21*T21,0) -> 19 | AG21: =ROUND($AA21*U21,0) -> 17 | AH21: =ROUND($AA21*V21,0) -> 17 | AI21: =ROUND($AA21*W21,0) -> 41 | AJ21: =ROUND($AA21*X21,0) -> 31 | AK21: =ROUND($AA21*Y21,0) -> 24 | AL21: =SUM(AC21:AK21) -> 262
A22: B3 | B22: 28967 | C22: 23933 | D22: 1328 | E22: 1757 | F22: 11 | G22: 22 | H22: 13 | I22: 38 | J22: 105 | K22: 25 | L22: 20 | M22: 8 | N22: 45 | O22: =SUM(F22:N22) -> 287 | Q22: ='X,Y restore'!G22 -> 11 | R22: ='X,Y restore'!H22 -> 5 | S22: ='X,Y restore'!I22 -> 13 | T22: ='X,Y restore'!AI22 -> 10 | U22: ='X,Y restore'!AG22 -> 5 | V22: ='X,Y restore'!AJ22 -> 9 | W22: ='X,Y restore'!M22 -> 19 | X22: ='X,Y restore'!N22 -> 8 | Y22: ='X,Y restore'!O22 -> 19 | Z22: =SUM(Q22:Y22) -> 99 | AA22: =O22/Z22 -> 2.8989899 | AC22: =ROUND($AA22*Q22,0) -> 32 | AD22: =ROUND($AA22*R22,0) -> 14 | AE22: =ROUND($AA22*S22,0) -> 38 | AF22: =ROUND($AA22*T22,0) -> 29 | AG22: =ROUND($AA22*U22,0) -> 14 | AH22: =ROUND($AA22*V22,0) -> 26 | AI22: =ROUND($AA22*W22,0) -> 55 | AJ22: =ROUND($AA22*X22,0) -> 23 | AK22: =ROUND($AA22*Y22,0) -> 55 | AL22: =SUM(AC22:AK22) -> 286
A23: C1 | B23: 13901 | C23: 35478 | D23: 1330 | E23: 1937 | F23: 27 | G23: 41 | H23: 29 | I23: 69 | J23: 130 | K23: 66 | L23: 21 | M23: 12 | N23: 43 | O23: =SUM(F23:N23) -> 438 | Q23: ='X,Y restore'!G23 -> 27 | R23: ='X,Y restore'!H23 -> 15 | S23: ='X,Y restore'!I23 -> 29 | T23: ='X,Y restore'!AI23 -> 11 | U23: ='X,Y restore'!AG23 -> 7 | V23: ='X,Y restore'!AJ23 -> 16 | W23: ='X,Y restore'!M23 -> 21 | X23: ='X,Y restore'!N23 -> 12 | Y23: ='X,Y restore'!O23 -> 18 | Z23: =SUM(Q23:Y23) -> 156 | AA23: =O23/Z23 -> 2.8076923 | AC23: =ROUND($AA23*Q23,0) -> 76 | AD23: =ROUND($AA23*R23,0) -> 42 | AE23: =ROUND($AA23*S23,0) -> 81 | AF23: =ROUND($AA23*T23,0) -> 31 | AG23: =ROUND($AA23*U23,0) -> 20 | AH23: =ROUND($AA23*V23,0) -> 45 | AI23: =ROUND($AA23*W23,0) -> 59 | AJ23: =ROUND($AA23*X23,0) -> 34 | AK23: =ROUND($AA23*Y23,0) -> 51 | AL23: =SUM(AC23:AK23) -> 439
A24: C2 | B24: 11290 | C24: 28463 | D24: 1331 | E24: 1777 | F24: 11 | G24: 30 | H24: 24 | I24: 27 | J24: 86 | K24: 31 | L24: 11 | M24: 6 | N24: 44 | O24: =SUM(F24:N24) -> 270 | Q24: ='X,Y restore'!G24 -> 11 | R24: ='X,Y restore'!H24 -> 3 | S24: ='X,Y restore'!I24 -> 24 | T24: ='X,Y restore'!AI24 -> 5 | U24: ='X,Y restore'!AG24 -> 4 | V24: ='X,Y restore'!AJ24 -> 16 | W24: ='X,Y restore'!M24 -> 12 | X24: ='X,Y restore'!N24 -> 6 | Y24: ='X,Y restore'!O24 -> 37 | Z24: =SUM(Q24:Y24) -> 118 | AA24: =O24/Z24 -> 2.2881356 | AC24: =ROUND($AA24*Q24,0) -> 25 | AD24: =ROUND($AA24*R24,0) -> 7 | AE24: =ROUND($AA24*S24,0) -> 55 | AF24: =ROUND($AA24*T24,0) -> 11 | AG24: =ROUND($AA24*U24,0) -> 9 | AH24: =ROUND($AA24*V24,0) -> 37 | AI24: =ROUND($AA24*W24,0) -> 27 | AJ24: =ROUND($AA24*X24,0) -> 14 | AK24: =ROUND($AA24*Y24,0) -> 85 | AL24: =SUM(AC24:AK24) -> 270
A25: C3 | B25: 36953 | C25: 42733 | D25: 1333 | E25: 1478 | F25: 19 | G25: 36 | H25: 17 | I25: 50 | J25: 82 | K25: 37 | L25: 11 | M25: 19 | N25: 39 | O25: =SUM(F25:N25) -> 310 | Q25: ='X,Y restore'!G25 -> 19 | R25: ='X,Y restore'!H25 -> 32 | S25: ='X,Y restore'!I25 -> 17 | T25: ='X,Y restore'!AI25 -> 9 | U25: ='X,Y restore'!AG25 -> 9 | V25: ='X,Y restore'!AJ25 -> 9 | W25: ='X,Y restore'!M25 -> 12 | X25: ='X,Y restore'!N25 -> 19 | Y25: ='X,Y restore'!O25 -> 14 | Z25: =SUM(Q25:Y25) -> 140 | AA25: =O25/Z25 -> 2.2142857 | AC25: =ROUND($AA25*Q25,0) -> 42 | AD25: =ROUND($AA25*R25,0) -> 71 | AE25: =ROUND($AA25*S25,0) -> 38 | AF25: =ROUND($AA25*T25,0) -> 20 | AG25: =ROUND($AA25*U25,0) -> 20 | AH25: =ROUND($AA25*V25,0) -> 20 | AI25: =ROUND($AA25*W25,0) -> 27 | AJ25: =ROUND($AA25*X25,0) -> 42 | AK25: =ROUND($AA25*Y25,0) -> 31 | AL25: =SUM(AC25:AK25) -> 311
D26: 1334 | E26: 1815 | F26: 17 | G26: 31 | H26: 18 | I26: 52 | J26: 117 | K26: 29 | L26: 14 | M26: 11 | N26: 39 | O26: =SUM(F26:N26) -> 328 | Q26: ='X,Y restore'!G26 -> 17 | R26: ='X,Y restore'!H26 -> 13 | S26: ='X,Y restore'!I26 -> 18 | T26: ='X,Y restore'!AI26 -> 11 | U26: ='X,Y restore'!AG26 -> 7 | V26: ='X,Y restore'!AJ26 -> 9 | W26: ='X,Y restore'!M26 -> 15 | X26: ='X,Y restore'!N26 -> 11 | Y26: ='X,Y restore'!O26 -> 17 | Z26: =SUM(Q26:Y26) -> 118 | AA26: =O26/Z26 -> 2.779661 | AC26: =ROUND($AA26*Q26,0) -> 47 | AD26: =ROUND($AA26*R26,0) -> 36 | AE26: =ROUND($AA26*S26,0) -> 50 | AF26: =ROUND($AA26*T26,0) -> 31 | AG26: =ROUND($AA26*U26,0) -> 19 | AH26: =ROUND($AA26*V26,0) -> 25 | AI26: =ROUND($AA26*W26,0) -> 42 | AJ26: =ROUND($AA26*X26,0) -> 31 | AK26: =ROUND($AA26*Y26,0) -> 47 | AL26: =SUM(AC26:AK26) -> 328
A27: Candidates | B27: Original | C27: Restored | D27: 1335 | E27: 1591 | F27: 11 | G27: 30 | H27: 27 | I27: 57 | J27: 121 | K27: 34 | L27: 12 | M27: 16 | N27: 59 | O27: =SUM(F27:N27) -> 367 | Q27: ='X,Y restore'!G27 -> 11 | R27: ='X,Y restore'!H27 -> 8 | S27: ='X,Y restore'!I27 -> 27 | T27: ='X,Y restore'!AI27 -> 12 | U27: ='X,Y restore'!AG27 -> 9 | V27: ='X,Y restore'!AJ27 -> 18 | W27: ='X,Y restore'!M27 -> 13 | X27: ='X,Y restore'!N27 -> 16 | Y27: ='X,Y restore'!O27 -> 50 | Z27: =SUM(Q27:Y27) -> 164 | AA27: =O27/Z27 -> 2.2378049 | AC27: =ROUND($AA27*Q27,0) -> 25 | AD27: =ROUND($AA27*R27,0) -> 18 | AE27: =ROUND($AA27*S27,0) -> 60 | AF27: =ROUND($AA27*T27,0) -> 27 | AG27: =ROUND($AA27*U27,0) -> 20 | AH27: =ROUND($AA27*V27,0) -> 40 | AI27: =ROUND($AA27*W27,0) -> 29 | AJ27: =ROUND($AA27*X27,0) -> 36 | AK27: =ROUND($AA27*Y27,0) -> 112 | AL27: =SUM(AC27:AK27) -> 367
A28: Hyt | B28: =B17+B18+B19 -> 45650 | C28: =C17+C18+C19 -> 89555 | D28: 1336 | E28: 1443 | F28: 17 | G28: 34 | H28: 7 | I28: 26 | J28: 80 | K28: 10 | L28: 7 | M28: 10 | N28: 44 | O28: =SUM(F28:N28) -> 235 | Q28: ='X,Y restore'!G28 -> 17 | R28: ='X,Y restore'!H28 -> 27 | S28: ='X,Y restore'!I28 -> 7 | T28: ='X,Y restore'!AI28 -> 7 | U28: ='X,Y restore'!AG28 -> 6 | V28: ='X,Y restore'!AJ28 -> 2 | W28: ='X,Y restore'!M28 -> 8 | X28: ='X,Y restore'!N28 -> 10 | Y28: ='X,Y restore'!O28 -> 7 | Z28: =SUM(Q28:Y28) -> 91 | AA28: =O28/Z28 -> 2.5824176 | AC28: =ROUND($AA28*Q28,0) -> 44 | AD28: =ROUND($AA28*R28,0) -> 70 | AE28: =ROUND($AA28*S28,0) -> 18 | AF28: =ROUND($AA28*T28,0) -> 18 | AG28: =ROUND($AA28*U28,0) -> 15 | AH28: =ROUND($AA28*V28,0) -> 5 | AI28: =ROUND($AA28*W28,0) -> 21 | AJ28: =ROUND($AA28*X28,0) -> 26 | AK28: =ROUND($AA28*Y28,0) -> 18 | AL28: =SUM(AC28:AK28) -> 235
A29: McMahill | B29: =B20+B21+B22 -> 148936 | C29: =C20+C21+C22 -> 60521 | D29: 1341 | E29: 2852 | F29: 24 | G29: 37 | H29: 28 | I29: 66 | J29: 177 | K29: 60 | L29: 17 | M29: 12 | N29: 70 | O29: =SUM(F29:N29) -> 491 | Q29: ='X,Y restore'!G29 -> 24 | R29: ='X,Y restore'!H29 -> 9 | S29: ='X,Y restore'!I29 -> 28 | T29: ='X,Y restore'!AI29 -> 13 | U29: ='X,Y restore'!AG29 -> 8 | V29: ='X,Y restore'!AJ29 -> 18 | W29: ='X,Y restore'!M29 -> 19 | X29: ='X,Y restore'!N29 -> 12 | Y29: ='X,Y restore'!O29 -> 32 | Z29: =SUM(Q29:Y29) -> 163 | AA29: =O29/Z29 -> 3.0122699 | AC29: =ROUND($AA29*Q29,0) -> 72 | AD29: =ROUND($AA29*R29,0) -> 27 | AE29: =ROUND($AA29*S29,0) -> 84 | AF29: =ROUND($AA29*T29,0) -> 39 | AG29: =ROUND($AA29*U29,0) -> 24 | AH29: =ROUND($AA29*V29,0) -> 54 | AI29: =ROUND($AA29*W29,0) -> 57 | AJ29: =ROUND($AA29*X29,0) -> 36 | AK29: =ROUND($AA29*Y29,0) -> 96 | AL29: =SUM(AC29:AK29) -> 489
A30: Roberts | B30: =B23+B24+B25 -> 62144 | C30: =C23+C24+C25 -> 106674 | D30: 1343 | E30: 1018 | F30: 11 | G30: 19 | H30: 8 | I30: 30 | J30: 50 | K30: 21 | L30: 14 | M30: 9 | N30: 38 | O30: =SUM(F30:N30) -> 200 | Q30: ='X,Y restore'!G30 -> 11 | R30: ='X,Y restore'!H30 -> 9 | S30: ='X,Y restore'!I30 -> 8 | T30: ='X,Y restore'!AI30 -> 7 | U30: ='X,Y restore'!AG30 -> 5 | V30: ='X,Y restore'!AJ30 -> 6 | W30: ='X,Y restore'!M30 -> 13 | X30: ='X,Y restore'!N30 -> 9 | Y30: ='X,Y restore'!O30 -> 10 | Z30: =SUM(Q30:Y30) -> 78 | AA30: =O30/Z30 -> 2.5641026 | AC30: =ROUND($AA30*Q30,0) -> 28 | AD30: =ROUND($AA30*R30,0) -> 23 | AE30: =ROUND($AA30*S30,0) -> 21 | AF30: =ROUND($AA30*T30,0) -> 18 | AG30: =ROUND($AA30*U30,0) -> 13 | AH30: =ROUND($AA30*V30,0) -> 15 | AI30: =ROUND($AA30*W30,0) -> 33 | AJ30: =ROUND($AA30*X30,0) -> 23 | AK30: =ROUND($AA30*Y30,0) -> 26 | AL30: =SUM(AC30:AK30) -> 200
D31: 1344 | E31: 1496 | F31: 22 | G31: 29 | H31: 13 | I31: 49 | J31: 74 | K31: 30 | L31: 8 | M31: 6 | N31: 38 | O31: =SUM(F31:N31) -> 269 | Q31: ='X,Y restore'!G31 -> 22 | R31: ='X,Y restore'!H31 -> 11 | S31: ='X,Y restore'!I31 -> 13 | T31: ='X,Y restore'!AI31 -> 8 | U31: ='X,Y restore'!AG31 -> 4 | V31: ='X,Y restore'!AJ31 -> 5 | W31: ='X,Y restore'!M31 -> 9 | X31: ='X,Y restore'!N31 -> 6 | Y31: ='X,Y restore'!O31 -> 9 | Z31: =SUM(Q31:Y31) -> 87 | AA31: =O31/Z31 -> 3.091954 | AC31: =ROUND($AA31*Q31,0) -> 68 | AD31: =ROUND($AA31*R31,0) -> 34 | AE31: =ROUND($AA31*S31,0) -> 40 | AF31: =ROUND($AA31*T31,0) -> 25 | AG31: =ROUND($AA31*U31,0) -> 12 | AH31: =ROUND($AA31*V31,0) -> 15 | AI31: =ROUND($AA31*W31,0) -> 28 | AJ31: =ROUND($AA31*X31,0) -> 19 | AK31: =ROUND($AA31*Y31,0) -> 28 | AL31: =SUM(AC31:AK31) -> 269
A32: Mode | B32: Original | C32: Restored | D32: 1346 | E32: 2581 | F32: 34 | G32: 44 | H32: 52 | I32: 147 | J32: 231 | K32: 65 | L32: 29 | M32: 31 | N32: 96 | O32: =SUM(F32:N32) -> 729 | Q32: ='X,Y restore'!G32 -> 34 | R32: ='X,Y restore'!H32 -> 20 | S32: ='X,Y restore'!I32 -> 52 | T32: ='X,Y restore'!AI32 -> 28 | U32: ='X,Y restore'!AG32 -> 18 | V32: ='X,Y restore'!AJ32 -> 23 | W32: ='X,Y restore'!M32 -> 30 | X32: ='X,Y restore'!N32 -> 31 | Y32: ='X,Y restore'!O32 -> 53 | Z32: =SUM(Q32:Y32) -> 289 | AA32: =O32/Z32 -> 2.5224913 | AC32: =ROUND($AA32*Q32,0) -> 86 | AD32: =ROUND($AA32*R32,0) -> 50 | AE32: =ROUND($AA32*S32,0) -> 131 | AF32: =ROUND($AA32*T32,0) -> 71 | AG32: =ROUND($AA32*U32,0) -> 45 | AH32: =ROUND($AA32*V32,0) -> 58 | AI32: =ROUND($AA32*W32,0) -> 76 | AJ32: =ROUND($AA32*X32,0) -> 78 | AK32: =ROUND($AA32*Y32,0) -> 134 | AL32: =SUM(AC32:AK32) -> 729
A33: Early | B33: =B17+B20+B23 -> 63037 | C33: =C17+C20+C23 -> 86894 | D33: 1348 | E33: 1808 | F33: 11 | G33: 28 | H33: 20 | I33: 34 | J33: 76 | K33: 24 | L33: 8 | M33: 16 | N33: 41 | O33: =SUM(F33:N33) -> 258 | Q33: ='X,Y restore'!G33 -> 11 | R33: ='X,Y restore'!H33 -> 15 | S33: ='X,Y restore'!I33 -> 20 | T33: ='X,Y restore'!AI33 -> 7 | U33: ='X,Y restore'!AG33 -> 8 | V33: ='X,Y restore'!AJ33 -> 11 | W33: ='X,Y restore'!M33 -> 9 | X33: ='X,Y restore'!N33 -> 16 | Y33: ='X,Y restore'!O33 -> 27 | Z33: =SUM(Q33:Y33) -> 124 | AA33: =O33/Z33 -> 2.0806452 | AC33: =ROUND($AA33*Q33,0) -> 23 | AD33: =ROUND($AA33*R33,0) -> 31 | AE33: =ROUND($AA33*S33,0) -> 42 | AF33: =ROUND($AA33*T33,0) -> 15 | AG33: =ROUND($AA33*U33,0) -> 17 | AH33: =ROUND($AA33*V33,0) -> 23 | AI33: =ROUND($AA33*W33,0) -> 19 | AJ33: =ROUND($AA33*X33,0) -> 33 | AK33: =ROUND($AA33*Y33,0) -> 56 | AL33: =SUM(AC33:AK33) -> 259
A34: MiV | B34: =B18+B21+B24 -> 114498 | C34: =C18+C21+C24 -> 69414 | D34: 1349 | E34: 1790 | F34: 11 | G34: 17 | H34: 13 | I34: 21 | J34: 68 | K34: 29 | L34: 15 | M34: 10 | N34: 38 | O34: =SUM(F34:N34) -> 222 | Q34: ='X,Y restore'!G34 -> 11 | R34: ='X,Y restore'!H34 -> 6 | S34: ='X,Y restore'!I34 -> 13 | T34: ='X,Y restore'!AI34 -> 4 | U34: ='X,Y restore'!AG34 -> 6 | V34: ='X,Y restore'!AJ34 -> 11 | W34: ='X,Y restore'!M34 -> 14 | X34: ='X,Y restore'!N34 -> 10 | Y34: ='X,Y restore'!O34 -> 16 | Z34: =SUM(Q34:Y34) -> 91 | AA34: =O34/Z34 -> 2.4395604 | AC34: =ROUND($AA34*Q34,0) -> 27 | AD34: =ROUND($AA34*R34,0) -> 15 | AE34: =ROUND($AA34*S34,0) -> 32 | AF34: =ROUND($AA34*T34,0) -> 10 | AG34: =ROUND($AA34*U34,0) -> 15 | AH34: =ROUND($AA34*V34,0) -> 27 | AI34: =ROUND($AA34*W34,0) -> 34 | AJ34: =ROUND($AA34*X34,0) -> 24 | AK34: =ROUND($AA34*Y34,0) -> 39 | AL34: =SUM(AC34:AK34) -> 223
A35: EDV | B35: =B19+B22+B25 -> 79195 | C35: =C19+C22+C25 -> 100442 | D35: 1351 | E35: 3110 | F35: 17 | G35: 54 | H35: 20 | I35: 57 | J35: 138 | K35: 51 | L35: 25 | M35: 13 | N35: 62 | O35: =SUM(F35:N35) -> 437 | Q35: ='X,Y restore'!G35 -> 17 | R35: ='X,Y restore'!H35 -> 16 | S35: ='X,Y restore'!I35 -> 20 | T35: ='X,Y restore'!AI35 -> 13 | U35: ='X,Y restore'!AG35 -> 8 | V35: ='X,Y restore'!AJ35 -> 17 | W35: ='X,Y restore'!M35 -> 25 | X35: ='X,Y restore'!N35 -> 13 | Y35: ='X,Y restore'!O35 -> 27 | Z35: =SUM(Q35:Y35) -> 156 | AA35: =O35/Z35 -> 2.8012821 | AC35: =ROUND($AA35*Q35,0) -> 48 | AD35: =ROUND($AA35*R35,0) -> 45 | AE35: =ROUND($AA35*S35,0) -> 56 | AF35: =ROUND($AA35*T35,0) -> 36 | AG35: =ROUND($AA35*U35,0) -> 22 | AH35: =ROUND($AA35*V35,0) -> 48 | AI35: =ROUND($AA35*W35,0) -> 70 | AJ35: =ROUND($AA35*X35,0) -> 36 | AK35: =ROUND($AA35*Y35,0) -> 76 | AL35: =SUM(AC35:AK35) -> 437
D36: 1352 | E36: 1460 | F36: 9 | G36: 19 | H36: 14 | I36: 26 | J36: 65 | K36: 28 | L36: 8 | M36: 8 | N36: 46 | O36: =SUM(F36:N36) -> 223 | Q36: ='X,Y restore'!G36 -> 9 | R36: ='X,Y restore'!H36 -> 5 | S36: ='X,Y restore'!I36 -> 14 | T36: ='X,Y restore'!AI36 -> 5 | U36: ='X,Y restore'!AG36 -> 5 | V36: ='X,Y restore'!AJ36 -> 12 | W36: ='X,Y restore'!M36 -> 9 | X36: ='X,Y restore'!N36 -> 8 | Y36: ='X,Y restore'!O36 -> 26 | Z36: =SUM(Q36:Y36) -> 93 | AA36: =O36/Z36 -> 2.3978495 | AC36: =ROUND($AA36*Q36,0) -> 22 | AD36: =ROUND($AA36*R36,0) -> 12 | AE36: =ROUND($AA36*S36,0) -> 34 | AF36: =ROUND($AA36*T36,0) -> 12 | AG36: =ROUND($AA36*U36,0) -> 12 | AH36: =ROUND($AA36*V36,0) -> 29 | AI36: =ROUND($AA36*W36,0) -> 22 | AJ36: =ROUND($AA36*X36,0) -> 19 | AK36: =ROUND($AA36*Y36,0) -> 62 | AL36: =SUM(AC36:AK36) -> 224
D37: 1353 | E37: 2590 | F37: 14 | G37: 26 | H37: 14 | I37: 28 | J37: 92 | K37: 31 | L37: 19 | M37: 17 | N37: 47 | O37: =SUM(F37:N37) -> 288 | Q37: ='X,Y restore'!G37 -> 14 | R37: ='X,Y restore'!H37 -> 16 | S37: ='X,Y restore'!I37 -> 14 | T37: ='X,Y restore'!AI37 -> 7 | U37: ='X,Y restore'!AG37 -> 9 | V37: ='X,Y restore'!AJ37 -> 11 | W37: ='X,Y restore'!M37 -> 18 | X37: ='X,Y restore'!N37 -> 17 | Y37: ='X,Y restore'!O37 -> 17 | Z37: =SUM(Q37:Y37) -> 123 | AA37: =O37/Z37 -> 2.3414634 | AC37: =ROUND($AA37*Q37,0) -> 33 | AD37: =ROUND($AA37*R37,0) -> 37 | AE37: =ROUND($AA37*S37,0) -> 33 | AF37: =ROUND($AA37*T37,0) -> 16 | AG37: =ROUND($AA37*U37,0) -> 21 | AH37: =ROUND($AA37*V37,0) -> 26 | AI37: =ROUND($AA37*W37,0) -> 42 | AJ37: =ROUND($AA37*X37,0) -> 40 | AK37: =ROUND($AA37*Y37,0) -> 40 | AL37: =SUM(AC37:AK37) -> 288
D38: 1354 | E38: 3282 | F38: 18 | G38: 41 | H38: 28 | I38: 42 | J38: 136 | K38: 47 | L38: 26 | M38: 14 | N38: 89 | O38: =SUM(F38:N38) -> 441 | Q38: ='X,Y restore'!G38 -> 18 | R38: ='X,Y restore'!H38 -> 8 | S38: ='X,Y restore'!I38 -> 28 | T38: ='X,Y restore'!AI38 -> 10 | U38: ='X,Y restore'!AG38 -> 8 | V38: ='X,Y restore'!AJ38 -> 22 | W38: ='X,Y restore'!M38 -> 25 | X38: ='X,Y restore'!N38 -> 14 | Y38: ='X,Y restore'!O38 -> 47 | Z38: =SUM(Q38:Y38) -> 180 | AA38: =O38/Z38 -> 2.45 | AC38: =ROUND($AA38*Q38,0) -> 44 | AD38: =ROUND($AA38*R38,0) -> 20 | AE38: =ROUND($AA38*S38,0) -> 69 | AF38: =ROUND($AA38*T38,0) -> 25 | AG38: =ROUND($AA38*U38,0) -> 20 | AH38: =ROUND($AA38*V38,0) -> 54 | AI38: =ROUND($AA38*W38,0) -> 61 | AJ38: =ROUND($AA38*X38,0) -> 34 | AK38: =ROUND($AA38*Y38,0) -> 115 | AL38: =SUM(AC38:AK38) -> 442
D39: 1356 | E39: 2114 | F39: 12 | G39: 32 | H39: 13 | I39: 35 | J39: 103 | K39: 28 | L39: 13 | M39: 19 | N39: 42 | O39: =SUM(F39:N39) -> 297 | Q39: ='X,Y restore'!G39 -> 12 | R39: ='X,Y restore'!H39 -> 25 | S39: ='X,Y restore'!I39 -> 13 | T39: ='X,Y restore'!AI39 -> 8 | U39: ='X,Y restore'!AG39 -> 10 | V39: ='X,Y restore'!AJ39 -> 9 | W39: ='X,Y restore'!M39 -> 13 | X39: ='X,Y restore'!N39 -> 19 | Y39: ='X,Y restore'!O39 -> 17 | Z39: =SUM(Q39:Y39) -> 126 | AA39: =O39/Z39 -> 2.3571429 | AC39: =ROUND($AA39*Q39,0) -> 28 | AD39: =ROUND($AA39*R39,0) -> 59 | AE39: =ROUND($AA39*S39,0) -> 31 | AF39: =ROUND($AA39*T39,0) -> 19 | AG39: =ROUND($AA39*U39,0) -> 24 | AH39: =ROUND($AA39*V39,0) -> 21 | AI39: =ROUND($AA39*W39,0) -> 31 | AJ39: =ROUND($AA39*X39,0) -> 45 | AK39: =ROUND($AA39*Y39,0) -> 40 | AL39: =SUM(AC39:AK39) -> 298
D40: 1368 | E40: 2057 | F40: 15 | G40: 24 | H40: 20 | I40: 28 | J40: 75 | K40: 18 | L40: 13 | M40: 13 | N40: 52 | O40: =SUM(F40:N40) -> 258 | Q40: ='X,Y restore'!G40 -> 15 | R40: ='X,Y restore'!H40 -> 10 | S40: ='X,Y restore'!I40 -> 20 | T40: ='X,Y restore'!AI40 -> 8 | U40: ='X,Y restore'!AG40 -> 7 | V40: ='X,Y restore'!AJ40 -> 8 | W40: ='X,Y restore'!M40 -> 13 | X40: ='X,Y restore'!N40 -> 13 | Y40: ='X,Y restore'!O40 -> 24 | Z40: =SUM(Q40:Y40) -> 118 | AA40: =O40/Z40 -> 2.1864407 | AC40: =ROUND($AA40*Q40,0) -> 33 | AD40: =ROUND($AA40*R40,0) -> 22 | AE40: =ROUND($AA40*S40,0) -> 44 | AF40: =ROUND($AA40*T40,0) -> 17 | AG40: =ROUND($AA40*U40,0) -> 15 | AH40: =ROUND($AA40*V40,0) -> 17 | AI40: =ROUND($AA40*W40,0) -> 28 | AJ40: =ROUND($AA40*X40,0) -> 28 | AK40: =ROUND($AA40*Y40,0) -> 52 | AL40: =SUM(AC40:AK40) -> 256
D41: 1389 | E41: 1233 | F41: 5 | G41: 15 | H41: 11 | I41: 40 | J41: 88 | K41: 31 | L41: 16 | M41: 12 | N41: 38 | O41: =SUM(F41:N41) -> 256 | Q41: ='X,Y restore'!G41 -> 5 | R41: ='X,Y restore'!H41 -> 5 | S41: ='X,Y restore'!I41 -> 11 | T41: ='X,Y restore'!AI41 -> 8 | U41: ='X,Y restore'!AG41 -> 7 | V41: ='X,Y restore'!AJ41 -> 14 | W41: ='X,Y restore'!M41 -> 15 | X41: ='X,Y restore'!N41 -> 12 | Y41: ='X,Y restore'!O41 -> 27 | Z41: =SUM(Q41:Y41) -> 104 | AA41: =O41/Z41 -> 2.4615385 | AC41: =ROUND($AA41*Q41,0) -> 12 | AD41: =ROUND($AA41*R41,0) -> 12 | AE41: =ROUND($AA41*S41,0) -> 27 | AF41: =ROUND($AA41*T41,0) -> 20 | AG41: =ROUND($AA41*U41,0) -> 17 | AH41: =ROUND($AA41*V41,0) -> 34 | AI41: =ROUND($AA41*W41,0) -> 37 | AJ41: =ROUND($AA41*X41,0) -> 30 | AK41: =ROUND($AA41*Y41,0) -> 66 | AL41: =SUM(AC41:AK41) -> 255
C42: =C38+C40 -> 0 | D42: 1390 | E42: 3408 | F42: 31 | G42: 46 | H42: 35 | I42: 73 | J42: 244 | K42: 60 | L42: 27 | M42: 29 | N42: 121 | O42: =SUM(F42:N42) -> 666 | Q42: ='X,Y restore'!G42 -> 31 | R42: ='X,Y restore'!H42 -> 20 | S42: ='X,Y restore'!I42 -> 35 | T42: ='X,Y restore'!AI42 -> 18 | U42: ='X,Y restore'!AG42 -> 17 | V42: ='X,Y restore'!AJ42 -> 22 | W42: ='X,Y restore'!M42 -> 28 | X42: ='X,Y restore'!N42 -> 29 | Y42: ='X,Y restore'!O42 -> 48 | Z42: =SUM(Q42:Y42) -> 248 | AA42: =O42/Z42 -> 2.6854839 | AC42: =ROUND($AA42*Q42,0) -> 83 | AD42: =ROUND($AA42*R42,0) -> 54 | AE42: =ROUND($AA42*S42,0) -> 94 | AF42: =ROUND($AA42*T42,0) -> 48 | AG42: =ROUND($AA42*U42,0) -> 46 | AH42: =ROUND($AA42*V42,0) -> 59 | AI42: =ROUND($AA42*W42,0) -> 75 | AJ42: =ROUND($AA42*X42,0) -> 78 | AK42: =ROUND($AA42*Y42,0) -> 129 | AL42: =SUM(AC42:AK42) -> 666
D43: 1394 | E43: 2882 | F43: 44 | G43: 74 | H43: 55 | I43: 105 | J43: 352 | K43: 92 | L43: 28 | M43: 30 | N43: 112 | O43: =SUM(F43:N43) -> 892 | Q43: ='X,Y restore'!G43 -> 44 | R43: ='X,Y restore'!H43 -> 31 | S43: ='X,Y restore'!I43 -> 55 | T43: ='X,Y restore'!AI43 -> 21 | U43: ='X,Y restore'!AG43 -> 19 | V43: ='X,Y restore'!AJ43 -> 29 | W43: ='X,Y restore'!M43 -> 30 | X43: ='X,Y restore'!N43 -> 30 | Y43: ='X,Y restore'!O43 -> 53 | Z43: =SUM(Q43:Y43) -> 312 | AA43: =O43/Z43 -> 2.8589744 | AC43: =ROUND($AA43*Q43,0) -> 126 | AD43: =ROUND($AA43*R43,0) -> 89 | AE43: =ROUND($AA43*S43,0) -> 157 | AF43: =ROUND($AA43*T43,0) -> 60 | AG43: =ROUND($AA43*U43,0) -> 54 | AH43: =ROUND($AA43*V43,0) -> 83 | AI43: =ROUND($AA43*W43,0) -> 86 | AJ43: =ROUND($AA43*X43,0) -> 86 | AK43: =ROUND($AA43*Y43,0) -> 152 | AL43: =SUM(AC43:AK43) -> 893
C44: =C39+C42 -> 0 | D44: 1396 | E44: 3159 | F44: 18 | G44: 55 | H44: 22 | I44: 71 | J44: 226 | K44: 67 | L44: 20 | M44: 39 | N44: 104 | O44: =SUM(F44:N44) -> 622 | Q44: ='X,Y restore'!G44 -> 18 | R44: ='X,Y restore'!H44 -> 39 | S44: ='X,Y restore'!I44 -> 22 | T44: ='X,Y restore'!AI44 -> 15 | U44: ='X,Y restore'!AG44 -> 21 | V44: ='X,Y restore'!AJ44 -> 23 | W44: ='X,Y restore'!M44 -> 22 | X44: ='X,Y restore'!N44 -> 39 | Y44: ='X,Y restore'!O44 -> 46 | Z44: =SUM(Q44:Y44) -> 245 | AA44: =O44/Z44 -> 2.5387755 | AC44: =ROUND($AA44*Q44,0) -> 46 | AD44: =ROUND($AA44*R44,0) -> 99 | AE44: =ROUND($AA44*S44,0) -> 56 | AF44: =ROUND($AA44*T44,0) -> 38 | AG44: =ROUND($AA44*U44,0) -> 53 | AH44: =ROUND($AA44*V44,0) -> 58 | AI44: =ROUND($AA44*W44,0) -> 56 | AJ44: =ROUND($AA44*X44,0) -> 99 | AK44: =ROUND($AA44*Y44,0) -> 117 | AL44: =SUM(AC44:AK44) -> 622
D45: 1411 | E45: 2771 | F45: 14 | G45: 69 | H45: 31 | I45: 68 | J45: 274 | K45: 98 | L45: 40 | M45: 26 | N45: 92 | O45: =SUM(F45:N45) -> 712 | Q45: ='X,Y restore'!G45 -> 14 | R45: ='X,Y restore'!H45 -> 21 | S45: ='X,Y restore'!I45 -> 31 | T45: ='X,Y restore'!AI45 -> 10 | U45: ='X,Y restore'!AG45 -> 16 | V45: ='X,Y restore'!AJ45 -> 43 | W45: ='X,Y restore'!M45 -> 39 | X45: ='X,Y restore'!N45 -> 26 | Y45: ='X,Y restore'!O45 -> 69 | Z45: =SUM(Q45:Y45) -> 269 | AA45: =O45/Z45 -> 2.6468401 | AC45: =ROUND($AA45*Q45,0) -> 37 | AD45: =ROUND($AA45*R45,0) -> 56 | AE45: =ROUND($AA45*S45,0) -> 82 | AF45: =ROUND($AA45*T45,0) -> 26 | AG45: =ROUND($AA45*U45,0) -> 42 | AH45: =ROUND($AA45*V45,0) -> 114 | AI45: =ROUND($AA45*W45,0) -> 103 | AJ45: =ROUND($AA45*X45,0) -> 69 | AK45: =ROUND($AA45*Y45,0) -> 183 | AL45: =SUM(AC45:AK45) -> 712
D46: 1510 | E46: 800 | F46: 13 | G46: 29 | H46: 13 | I46: 31 | J46: 96 | K46: 21 | L46: 6 | M46: 7 | N46: 47 | O46: =SUM(F46:N46) -> 263 | Q46: ='X,Y restore'!G46 -> 13 | R46: ='X,Y restore'!H46 -> 11 | S46: ='X,Y restore'!I46 -> 13 | T46: ='X,Y restore'!AI46 -> 7 | U46: ='X,Y restore'!AG46 -> 4 | V46: ='X,Y restore'!AJ46 -> 6 | W46: ='X,Y restore'!M46 -> 7 | X46: ='X,Y restore'!N46 -> 7 | Y46: ='X,Y restore'!O46 -> 15 | Z46: =SUM(Q46:Y46) -> 83 | AA46: =O46/Z46 -> 3.1686747 | AC46: =ROUND($AA46*Q46,0) -> 41 | AD46: =ROUND($AA46*R46,0) -> 35 | AE46: =ROUND($AA46*S46,0) -> 41 | AF46: =ROUND($AA46*T46,0) -> 22 | AG46: =ROUND($AA46*U46,0) -> 13 | AH46: =ROUND($AA46*V46,0) -> 19 | AI46: =ROUND($AA46*W46,0) -> 22 | AJ46: =ROUND($AA46*X46,0) -> 22 | AK46: =ROUND($AA46*Y46,0) -> 48 | AL46: =SUM(AC46:AK46) -> 263
D47: 1514 | E47: 1905 | F47: 8 | G47: 33 | H47: 18 | I47: 82 | J47: 172 | K47: 54 | L47: 29 | M47: 24 | N47: 77 | O47: =SUM(F47:N47) -> 497 | Q47: ='X,Y restore'!G47 -> 8 | R47: ='X,Y restore'!H47 -> 11 | S47: ='X,Y restore'!I47 -> 18 | T47: ='X,Y restore'!AI47 -> 17 | U47: ='X,Y restore'!AG47 -> 14 | V47: ='X,Y restore'!AJ47 -> 26 | W47: ='X,Y restore'!M47 -> 28 | X47: ='X,Y restore'!N47 -> 24 | Y47: ='X,Y restore'!O47 -> 58 | Z47: =SUM(Q47:Y47) -> 204 | AA47: =O47/Z47 -> 2.4362745 | AC47: =ROUND($AA47*Q47,0) -> 19 | AD47: =ROUND($AA47*R47,0) -> 27 | AE47: =ROUND($AA47*S47,0) -> 44 | AF47: =ROUND($AA47*T47,0) -> 41 | AG47: =ROUND($AA47*U47,0) -> 34 | AH47: =ROUND($AA47*V47,0) -> 63 | AI47: =ROUND($AA47*W47,0) -> 68 | AJ47: =ROUND($AA47*X47,0) -> 58 | AK47: =ROUND($AA47*Y47,0) -> 141 | AL47: =SUM(AC47:AK47) -> 495
D48: 1517 | E48: 2627 | F48: 51 | G48: 67 | H48: 36 | I48: 159 | J48: 353 | K48: 103 | L48: 30 | M48: 28 | N48: 113 | O48: =SUM(F48:N48) -> 940 | Q48: ='X,Y restore'!G48 -> 51 | R48: ='X,Y restore'!H48 -> 36 | S48: ='X,Y restore'!I48 -> 36 | T48: ='X,Y restore'!AI48 -> 28 | U48: ='X,Y restore'!AG48 -> 18 | V48: ='X,Y restore'!AJ48 -> 18 | W48: ='X,Y restore'!M48 -> 32 | X48: ='X,Y restore'!N48 -> 28 | Y48: ='X,Y restore'!O48 -> 31 | Z48: =SUM(Q48:Y48) -> 278 | AA48: =O48/Z48 -> 3.381295 | AC48: =ROUND($AA48*Q48,0) -> 172 | AD48: =ROUND($AA48*R48,0) -> 122 | AE48: =ROUND($AA48*S48,0) -> 122 | AF48: =ROUND($AA48*T48,0) -> 95 | AG48: =ROUND($AA48*U48,0) -> 61 | AH48: =ROUND($AA48*V48,0) -> 61 | AI48: =ROUND($AA48*W48,0) -> 108 | AJ48: =ROUND($AA48*X48,0) -> 95 | AK48: =ROUND($AA48*Y48,0) -> 105 | AL48: =SUM(AC48:AK48) -> 941
D49: 1518 | E49: 2532 | F49: 44 | G49: 67 | H49: 25 | I49: 131 | J49: 313 | K49: 100 | L49: 47 | M49: 38 | N49: 122 | O49: =SUM(F49:N49) -> 887 | Q49: ='X,Y restore'!G49 -> 44 | R49: ='X,Y restore'!H49 -> 44 | S49: ='X,Y restore'!I49 -> 25 | T49: ='X,Y restore'!AI49 -> 28 | U49: ='X,Y restore'!AG49 -> 22 | V49: ='X,Y restore'!AJ49 -> 20 | W49: ='X,Y restore'!M49 -> 45 | X49: ='X,Y restore'!N49 -> 38 | Y49: ='X,Y restore'!O49 -> 26 | Z49: =SUM(Q49:Y49) -> 292 | AA49: =O49/Z49 -> 3.0376712 | AC49: =ROUND($AA49*Q49,0) -> 134 | AD49: =ROUND($AA49*R49,0) -> 134 | AE49: =ROUND($AA49*S49,0) -> 76 | AF49: =ROUND($AA49*T49,0) -> 85 | AG49: =ROUND($AA49*U49,0) -> 67 | AH49: =ROUND($AA49*V49,0) -> 61 | AI49: =ROUND($AA49*W49,0) -> 137 | AJ49: =ROUND($AA49*X49,0) -> 115 | AK49: =ROUND($AA49*Y49,0) -> 79 | AL49: =SUM(AC49:AK49) -> 888
D50: 1525 | E50: 1983 | F50: 17 | G50: 46 | H50: 11 | I50: 67 | J50: 229 | K50: 63 | L50: 21 | M50: 21 | N50: 84 | O50: =SUM(F50:N50) -> 559 | Q50: ='X,Y restore'!G50 -> 17 | R50: ='X,Y restore'!H50 -> 27 | S50: ='X,Y restore'!I50 -> 11 | T50: ='X,Y restore'!AI50 -> 14 | U50: ='X,Y restore'!AG50 -> 13 | V50: ='X,Y restore'!AJ50 -> 14 | W50: ='X,Y restore'!M50 -> 22 | X50: ='X,Y restore'!N50 -> 21 | Y50: ='X,Y restore'!O50 -> 21 | Z50: =SUM(Q50:Y50) -> 160 | AA50: =O50/Z50 -> 3.49375 | AC50: =ROUND($AA50*Q50,0) -> 59 | AD50: =ROUND($AA50*R50,0) -> 94 | AE50: =ROUND($AA50*S50,0) -> 38 | AF50: =ROUND($AA50*T50,0) -> 49 | AG50: =ROUND($AA50*U50,0) -> 45 | AH50: =ROUND($AA50*V50,0) -> 49 | AI50: =ROUND($AA50*W50,0) -> 77 | AJ50: =ROUND($AA50*X50,0) -> 73 | AK50: =ROUND($AA50*Y50,0) -> 73 | AL50: =SUM(AC50:AK50) -> 557
D51: 1550 | E51: 961 | F51: 13 | G51: 10 | H51: 12 | I51: 36 | J51: 114 | K51: 54 | L51: 22 | M51: 11 | N51: 39 | O51: =SUM(F51:N51) -> 311 | Q51: ='X,Y restore'!G51 -> 13 | R51: ='X,Y restore'!H51 -> 4 | S51: ='X,Y restore'!I51 -> 12 | T51: ='X,Y restore'!AI51 -> 7 | U51: ='X,Y restore'!AG51 -> 7 | V51: ='X,Y restore'!AJ51 -> 14 | W51: ='X,Y restore'!M51 -> 20 | X51: ='X,Y restore'!N51 -> 11 | Y51: ='X,Y restore'!O51 -> 13 | Z51: =SUM(Q51:Y51) -> 101 | AA51: =O51/Z51 -> 3.0792079 | AC51: =ROUND($AA51*Q51,0) -> 40 | AD51: =ROUND($AA51*R51,0) -> 12 | AE51: =ROUND($AA51*S51,0) -> 37 | AF51: =ROUND($AA51*T51,0) -> 22 | AG51: =ROUND($AA51*U51,0) -> 22 | AH51: =ROUND($AA51*V51,0) -> 43 | AI51: =ROUND($AA51*W51,0) -> 62 | AJ51: =ROUND($AA51*X51,0) -> 34 | AK51: =ROUND($AA51*Y51,0) -> 40 | AL51: =SUM(AC51:AK51) -> 312
D52: 1602 | E52: 2360 | F52: 28 | G52: 37 | H52: 23 | I52: 61 | J52: 127 | K52: 43 | L52: 28 | M52: 11 | N52: 59 | O52: =SUM(F52:N52) -> 417 | Q52: ='X,Y restore'!G52 -> 28 | R52: ='X,Y restore'!H52 -> 10 | S52: ='X,Y restore'!I52 -> 23 | T52: ='X,Y restore'!AI52 -> 15 | U52: ='X,Y restore'!AG52 -> 7 | V52: ='X,Y restore'!AJ52 -> 12 | W52: ='X,Y restore'!M52 -> 27 | X52: ='X,Y restore'!N52 -> 11 | Y52: ='X,Y restore'!O52 -> 18 | Z52: =SUM(Q52:Y52) -> 151 | AA52: =O52/Z52 -> 2.7615894 | AC52: =ROUND($AA52*Q52,0) -> 77 | AD52: =ROUND($AA52*R52,0) -> 28 | AE52: =ROUND($AA52*S52,0) -> 64 | AF52: =ROUND($AA52*T52,0) -> 41 | AG52: =ROUND($AA52*U52,0) -> 19 | AH52: =ROUND($AA52*V52,0) -> 33 | AI52: =ROUND($AA52*W52,0) -> 75 | AJ52: =ROUND($AA52*X52,0) -> 30 | AK52: =ROUND($AA52*Y52,0) -> 50 | AL52: =SUM(AC52:AK52) -> 417
D53: 1605 | E53: 3022 | F53: 23 | G53: 44 | H53: 21 | I53: 47 | J53: 138 | K53: 37 | L53: 23 | M53: 13 | N53: 77 | O53: =SUM(F53:N53) -> 423 | Q53: ='X,Y restore'!G53 -> 23 | R53: ='X,Y restore'!H53 -> 14 | S53: ='X,Y restore'!I53 -> 21 | T53: ='X,Y restore'!AI53 -> 12 | U53: ='X,Y restore'!AG53 -> 8 | V53: ='X,Y restore'!AJ53 -> 13 | W53: ='X,Y restore'!M53 -> 23 | X53: ='X,Y restore'!N53 -> 13 | Y53: ='X,Y restore'!O53 -> 26 | Z53: =SUM(Q53:Y53) -> 153 | AA53: =O53/Z53 -> 2.7647059 | AC53: =ROUND($AA53*Q53,0) -> 64 | AD53: =ROUND($AA53*R53,0) -> 39 | AE53: =ROUND($AA53*S53,0) -> 58 | AF53: =ROUND($AA53*T53,0) -> 33 | AG53: =ROUND($AA53*U53,0) -> 22 | AH53: =ROUND($AA53*V53,0) -> 36 | AI53: =ROUND($AA53*W53,0) -> 64 | AJ53: =ROUND($AA53*X53,0) -> 36 | AK53: =ROUND($AA53*Y53,0) -> 72 | AL53: =SUM(AC53:AK53) -> 424
D54: 1606 | E54: 2356 | F54: 25 | G54: 63 | H54: 46 | I54: 107 | J54: 218 | K54: 88 | L54: 20 | M54: 21 | N54: 74 | O54: =SUM(F54:N54) -> 662 | Q54: ='X,Y restore'!G54 -> 25 | R54: ='X,Y restore'!H54 -> 20 | S54: ='X,Y restore'!I54 -> 46 | T54: ='X,Y restore'!AI54 -> 17 | U54: ='X,Y restore'!AG54 -> 13 | V54: ='X,Y restore'!AJ54 -> 29 | W54: ='X,Y restore'!M54 -> 22 | X54: ='X,Y restore'!N54 -> 21 | Y54: ='X,Y restore'!O54 -> 52 | Z54: =SUM(Q54:Y54) -> 245 | AA54: =O54/Z54 -> 2.7020408 | AC54: =ROUND($AA54*Q54,0) -> 68 | AD54: =ROUND($AA54*R54,0) -> 54 | AE54: =ROUND($AA54*S54,0) -> 124 | AF54: =ROUND($AA54*T54,0) -> 46 | AG54: =ROUND($AA54*U54,0) -> 35 | AH54: =ROUND($AA54*V54,0) -> 78 | AI54: =ROUND($AA54*W54,0) -> 59 | AJ54: =ROUND($AA54*X54,0) -> 57 | AK54: =ROUND($AA54*Y54,0) -> 141 | AL54: =SUM(AC54:AK54) -> 662
D55: 1609 | E55: 2098 | F55: 14 | G55: 31 | H55: 26 | I55: 62 | J55: 79 | K55: 35 | L55: 15 | M55: 18 | N55: 47 | O55: =SUM(F55:N55) -> 327 | Q55: ='X,Y restore'!G55 -> 14 | R55: ='X,Y restore'!H55 -> 15 | S55: ='X,Y restore'!I55 -> 26 | T55: ='X,Y restore'!AI55 -> 12 | U55: ='X,Y restore'!AG55 -> 9 | V55: ='X,Y restore'!AJ55 -> 14 | W55: ='X,Y restore'!M55 -> 15 | X55: ='X,Y restore'!N55 -> 18 | Y55: ='X,Y restore'!O55 -> 30 | Z55: =SUM(Q55:Y55) -> 153 | AA55: =O55/Z55 -> 2.1372549 | AC55: =ROUND($AA55*Q55,0) -> 30 | AD55: =ROUND($AA55*R55,0) -> 32 | AE55: =ROUND($AA55*S55,0) -> 56 | AF55: =ROUND($AA55*T55,0) -> 26 | AG55: =ROUND($AA55*U55,0) -> 19 | AH55: =ROUND($AA55*V55,0) -> 30 | AI55: =ROUND($AA55*W55,0) -> 32 | AJ55: =ROUND($AA55*X55,0) -> 38 | AK55: =ROUND($AA55*Y55,0) -> 64 | AL55: =SUM(AC55:AK55) -> 327
D56: 1613 | E56: 2332 | F56: 14 | G56: 31 | H56: 14 | I56: 48 | J56: 113 | K56: 38 | L56: 23 | M56: 18 | N56: 57 | O56: =SUM(F56:N56) -> 356 | Q56: ='X,Y restore'!G56 -> 14 | R56: ='X,Y restore'!H56 -> 16 | S56: ='X,Y restore'!I56 -> 14 | T56: ='X,Y restore'!AI56 -> 12 | U56: ='X,Y restore'!AG56 -> 10 | V56: ='X,Y restore'!AJ56 -> 12 | W56: ='X,Y restore'!M56 -> 22 | X56: ='X,Y restore'!N56 -> 18 | Y56: ='X,Y restore'!O56 -> 21 | Z56: =SUM(Q56:Y56) -> 139 | AA56: =O56/Z56 -> 2.5611511 | AC56: =ROUND($AA56*Q56,0) -> 36 | AD56: =ROUND($AA56*R56,0) -> 41 | AE56: =ROUND($AA56*S56,0) -> 36 | AF56: =ROUND($AA56*T56,0) -> 31 | AG56: =ROUND($AA56*U56,0) -> 26 | AH56: =ROUND($AA56*V56,0) -> 31 | AI56: =ROUND($AA56*W56,0) -> 56 | AJ56: =ROUND($AA56*X56,0) -> 46 | AK56: =ROUND($AA56*Y56,0) -> 54 | AL56: =SUM(AC56:AK56) -> 357
... D594: 7730 | E594: 2494 | F594: 12 | G594: 52 | H594: 43 | I594: 62 | J594: 208 | K594: 47 | L594: 31 | M594: 18 | N594: 95 | O594: =SUM(F594:N594) -> 568 | Q594: ='X,Y restore'!G594 -> 12 | R594: ='X,Y restore'!H594 -> 6 | S594: ='X,Y restore'!I594 -> 43 | T594: ='X,Y restore'!AI594 -> 14 | U594: ='X,Y restore'!AG594 -> 11 | V594: ='X,Y restore'!AJ594 -> 34 | W594: ='X,Y restore'!M594 -> 31 | X594: ='X,Y restore'!N594 -> 18 | Y594: ='X,Y restore'!O594 -> 112 | Z594: =SUM(Q594:Y594) -> 281 | AA594: =O594/Z594 -> 2.0213523 | AC594: =ROUND($AA594*Q594,0) -> 24 | AD594: =ROUND($AA594*R594,0) -> 12 | AE594: =ROUND($AA594*S594,0) -> 87 | AF594: =ROUND($AA594*T594,0) -> 28 | AG594: =ROUND($AA594*U594,0) -> 22 | AH594: =ROUND($AA594*V594,0) -> 69 | AI594: =ROUND($AA594*W594,0) -> 63 | AJ594: =ROUND($AA594*X594,0) -> 36 | AK594: =ROUND($AA594*Y594,0) -> 226 | AL594: =SUM(AC594:AK594) -> 567

Sheet Culled Precincts
A1: Reason | B1: P | C1: R | D1: A1 | E1: A2 | F1: A3 | G1: B1 | H1: B2 | I1: B3 | J1: C1 | K1: C2 | L1: C3
A2: (1-x1)<40% | B2: 2080 | C2: 490 | D2: 8 | E2: 7 | F2: 27 | G2: 35 | H2: 32 | I2: 27 | J2: 15 | K2: 15 | L2: 5
B3: 2473 | C3: 2286 | D3: 30 | E3: 57 | F3: 124 | G3: 118 | H3: 163 | I3: 341 | J3: 24 | K3: 80 | L3: 42
B4: 3605 | C4: 658 | D4: 6 | E4: 10 | F4: 37 | G4: 13 | H4: 30 | I4: 46 | J4: 0 | K4: 21 | L4: 13
B5: 6487 | C5: 1116 | D5: 6 | E5: 25 | F5: 41 | G5: 8 | H5: 69 | I5: 87 | J5: 2 | K5: 27 | L5: 27
B6: 6685 | C6: 1242 | D6: 23 | E6: 27 | F6: 47 | G6: 39 | H6: 96 | I6: 62 | J6: 9 | K6: 21 | L6: 21

Sheet X1,Y1 Restoration; Discard
A1: Variable Name | B1: Value | C1: Cull 1 | D1: P | E1: R | F1: A1 | G1: A2 | H1: A3 | I1: B1 | J1: B2 | K1: B3 | L1: C1 | M1: C2 | N1: C3 | O1: 1-Y1 | P1: 1-X1
A2: P | B2: Precinct Name | C2: 0 | D2: 1000 | E2: 640 | F2: 15 | G2: 14 | H2: 2 | I2: 42 | J2: 66 | K2: 15 | L2: 14 | M2: 6 | N2: 27 | O2: =M2/(M2+G2) -> 0.3 | P2: =(L2+N2)/(F2+H2+L2+N2) -> 0.70689655
A3: R | B3: Registered | C3: 0 | D3: 1001 | E3: 1053 | F3: 15 | G3: 22 | H3: 14 | I3: 37 | J3: 76 | K3: 22 | L3: 14 | M3: 11 | N3: 23 | O3: =M3/(M3+G3) -> 0.33333333 | P3: =(L3+N3)/(F3+H3+L3+N3) -> 0.56060606
A4: A1 | B4: Hyt Early | C4: 0 | D4: 1004 | E4: 1917 | F4: 7 | G4: 17 | H4: 9 | I4: 21 | J4: 72 | K4: 24 | L4: 6 | M4: 11 | N4: 63 | O4: =M4/(M4+G4) -> 0.39285714 | P4: =(L4+N4)/(F4+H4+L4+N4) -> 0.81176471
A5: A2 | B5: Hyt Mail | C5: 0 | D5: 1005 | E5: 1599 | F5: 14 | G5: 26 | H5: 11 | I5: 65 | J5: 130 | K5: 29 | L5: 27 | M5: 10 | N5: 62 | O5: =M5/(M5+G5) -> 0.27777778 | P5: =(L5+N5)/(F5+H5+L5+N5) -> 0.78070175
A6: A3 | B6: Hyt EDV | C6: 0 | D6: 1006 | E6: 1548 | F6: 5 | G6: 27 | H6: 6 | I6: 33 | J6: 68 | K6: 27 | L6: 16 | M6: 6 | N6: 39 | O6: =M6/(M6+G6) -> 0.18181818 | P6: =(L6+N6)/(F6+H6+L6+N6) -> 0.83333333
A7: B1 | B7: McMahill Early | C7: 0 | D7: 1007 | E7: 2681 | F7: 14 | G7: 24 | H7: 9 | I7: 36 | J7: 102 | K7: 33 | L7: 17 | M7: 15 | N7: 47 | O7: =M7/(M7+G7) -> 0.38461538 | P7: =(L7+N7)/(F7+H7+L7+N7) -> 0.73563218
A8: B2 | B8: McMahill Mail | C8: 0 | D8: 1008 | E8: 3439 | F8: 15 | G8: 38 | H8: 25 | I8: 65 | J8: 139 | K8: 35 | L8: 27 | M8: 16 | N8: 64 | O8: =M8/(M8+G8) -> 0.2962963 | P8: =(L8+N8)/(F8+H8+L8+N8) -> 0.69465649
A9: B3 | B9: McMahill EDV | C9: 0 | D9: 1009 | E9: 1380 | F9: 23 | G9: 25 | H9: 29 | I9: 67 | J9: 118 | K9: 46 | L9: 24 | M9: 21 | N9: 51 | O9: =M9/(M9+G9) -> 0.45652174 | P9: =(L9+N9)/(F9+H9+L9+N9) -> 0.59055118
A10: C1 | B10: Roberts Early | C10: 0 | D10: 1012 | E10: 1883 | F10: 23 | G10: 57 | H10: 28 | I10: 82 | J10: 244 | K10: 69 | L10: 35 | M10: 22 | N10: 121 | O10: =M10/(M10+G10) -> 0.27848101 | P10: =(L10+N10)/(F10+H10+L10+N10) -> 0.75362319
A11: C2 | B11: Roberts Mail | C11: 0 | D11: 1015 | E11: 2510 | F11: 34 | G11: 48 | H11: 19 | I11: 69 | J11: 155 | K11: 42 | L11: 14 | M11: 20 | N11: 78 | O11: =M11/(M11+G11) -> 0.29411765 | P11: =(L11+N11)/(F11+H11+L11+N11) -> 0.63448276
A12: C3 | B12: Roberts EDV | C12: 0 | D12: 1016 | E12: 485 | F12: 4 | G12: 15 | H12: 12 | I12: 21 | J12: 47 | K12: 17 | L12: 7 | M12: 2 | N12: 28 | O12: =M12/(M12+G12) -> 0.11764706 | P12: =(L12+N12)/(F12+H12+L12+N12) -> 0.68627451
C13: 0 | D13: 1038 | E13: 2098 | F13: 14 | G13: 38 | H13: 10 | I13: 59 | J13: 120 | K13: 27 | L13: 13 | M13: 9 | N13: 49 | O13: =M13/(M13+G13) -> 0.19148936 | P13: =(L13+N13)/(F13+H13+L13+N13) -> 0.72093023
C14: 0 | D14: 1039 | E14: 3242 | F14: 27 | G14: 74 | H14: 33 | I14: 143 | J14: 271 | K14: 73 | L14: 38 | M14: 22 | N14: 116 | O14: =M14/(M14+G14) -> 0.22916667 | P14: =(L14+N14)/(F14+H14+L14+N14) -> 0.71962617
A15: cos(-45)=n1 | B15: 0.70710678 | C15: 0 | D15: 1063 | E15: 1412 | F15: 12 | G15: 27 | H15: 24 | I15: 49 | J15: 115 | K15: 48 | L15: 21 | M15: 7 | N15: 46 | O15: =M15/(M15+G15) -> 0.20588235 | P15: =(L15+N15)/(F15+H15+L15+N15) -> 0.65048544
A16: sin(-45)=n2 | B16: -0.70710678 | C16: 0 | D16: 1074 | E16: 2203 | F16: 6 | G16: 47 | H16: 20 | I16: 37 | J16: 230 | K16: 77 | L16: 11 | M16: 19 | N16: 84 | O16: =M16/(M16+G16) -> 0.28787879 | P16: =(L16+N16)/(F16+H16+L16+N16) -> 0.78512397
C17: 0 | D17: 1302 | E17: 3655 | F17: 32 | G17: 42 | H17: 14 | I17: 85 | J17: 232 | K17: 60 | L17: 31 | M17: 38 | N17: 81 | O17: =M17/(M17+G17) -> 0.475 | P17: =(L17+N17)/(F17+H17+L17+N17) -> 0.70886076
C18: 0 | D18: 1304 | E18: 2660 | F18: 19 | G18: 40 | H18: 30 | I18: 53 | J18: 145 | K18: 35 | L18: 28 | M18: 13 | N18: 64 | O18: =M18/(M18+G18) -> 0.24528302 | P18: =(L18+N18)/(F18+H18+L18+N18) -> 0.65248227
C19: 0 | D19: 1307 | E19: 2027 | F19: 29 | G19: 30 | H19: 27 | I19: 66 | J19: 142 | K19: 44 | L19: 18 | M19: 18 | N19: 63 | O19: =M19/(M19+G19) -> 0.375 | P19: =(L19+N19)/(F19+H19+L19+N19) -> 0.59124088
C20: 0 | D20: 1318 | E20: 1739 | F20: 14 | G20: 20 | H20: 12 | I20: 29 | J20: 71 | K20: 29 | L20: 5 | M20: 6 | N20: 28 | O20: =M20/(M20+G20) -> 0.23076923 | P20: =(L20+N20)/(F20+H20+L20+N20) -> 0.55932203
C21: 0 | D21: 1327 | E21: 2196 | F21: 19 | G21: 22 | H21: 15 | I21: 33 | J21: 85 | K21: 23 | L21: 18 | M21: 13 | N21: 36 | O21: =M21/(M21+G21) -> 0.37142857 | P21: =(L21+N21)/(F21+H21+L21+N21) -> 0.61363636
C22: 0 | D22: 1328 | E22: 1757 | F22: 11 | G22: 22 | H22: 13 | I22: 38 | J22: 105 | K22: 25 | L22: 20 | M22: 8 | N22: 45 | O22: =M22/(M22+G22) -> 0.26666667 | P22: =(L22+N22)/(F22+H22+L22+N22) -> 0.73033708
C23: 0 | D23: 1330 | E23: 1937 | F23: 27 | G23: 41 | H23: 29 | I23: 69 | J23: 130 | K23: 66 | L23: 21 | M23: 12 | N23: 43 | O23: =M23/(M23+G23) -> 0.22641509 | P23: =(L23+N23)/(F23+H23+L23+N23) -> 0.53333333
C24: 0 | D24: 1331 | E24: 1777 | F24: 11 | G24: 30 | H24: 24 | I24: 27 | J24: 86 | K24: 31 | L24: 11 | M24: 6 | N24: 44 | O24: =M24/(M24+G24) -> 0.16666667 | P24: =(L24+N24)/(F24+H24+L24+N24) -> 0.61111111
C25: 0 | D25: 1333 | E25: 1478 | F25: 19 | G25: 36 | H25: 17 | I25: 50 | J25: 82 | K25: 37 | L25: 11 | M25: 19 | N25: 39 | O25: =M25/(M25+G25) -> 0.34545455 | P25: =(L25+N25)/(F25+H25+L25+N25) -> 0.58139535
C26: 0 | D26: 1334 | E26: 1815 | F26: 17 | G26: 31 | H26: 18 | I26: 52 | J26: 117 | K26: 29 | L26: 14 | M26: 11 | N26: 39 | O26: =M26/(M26+G26) -> 0.26190476 | P26: =(L26+N26)/(F26+H26+L26+N26) -> 0.60227273
C27: 0 | D27: 1335 | E27: 1591 | F27: 11 | G27: 30 | H27: 27 | I27: 57 | J27: 121 | K27: 34 | L27: 12 | M27: 16 | N27: 59 | O27: =M27/(M27+G27) -> 0.34782609 | P27: =(L27+N27)/(F27+H27+L27+N27) -> 0.65137615
C28: 0 | D28: 1336 | E28: 1443 | F28: 17 | G28: 34 | H28: 7 | I28: 26 | J28: 80 | K28: 10 | L28: 7 | M28: 10 | N28: 44 | O28: =M28/(M28+G28) -> 0.22727273 | P28: =(L28+N28)/(F28+H28+L28+N28) -> 0.68
... C594: 0 | D594: 7730 | E594: 2494 | F594: 12 | G594: 52 | H594: 43 | I594: 62 | J594: 208 | K594: 47 | L594: 31 | M594: 18 | N594: 95 | O594: =M594/(M594+G594) -> 0.25714286 | P594: =(L594+N594)/(F594+H594+L594+N594) -> 0.6961326

Sheet M1,M2,M3 Restoration
A1: Variable Name | B1: Value | C1: Cull 1 | D1: Operators | E1: Values | F1: P | G1: A1 | H1: A3 | I1: B1 | J1: B3 | K1: C1 | L1: C3 | M1: M1,1 | N1: M2,1 | O1: M3,1 | P1: Expected m2,1 | Q1: Expected m3,1 | R1: u0,1 | S1: v0,1 | T1: w0,1 | U1: u0,1 | V1: v1,1 | W1: w1,1 | X1: Theta 1 | Y1: Theta 2 | Z1: u1,1 | AA1: v2,1 | AB1: w1,1 | AC1: Phi 1 | AD1: Phi 2 | AE1: u2,1 | AF1: v2,1 | AG1: w2,1 | AH1: r2,1 | AI1: r3,1 | AJ1: r2,2 | AK1: r3,2 | AL1: u3,1 | AM1: v3,1 | AN1: w3,1 | AO1: Great Scale | AP1: Inter M1,2 | AQ1: Inter M2,2 | AR1: Inter M3,2 | AS1: M1,2 | AT1: M2,2 | AU1: M3,2
A2: A1 | B2: Hyt Early | C2: 0 | F2: 1000 | G2: 15 | H2: 2 | I2: 42 | J2: 15 | K2: 14 | L2: 27 | M2: =G2/(G2+H2) -> 0.88235294 | N2: =I2/(I2+J2) -> 0.73684211 | O2: =K2/(K2+L2) -> 0.34146341 | P2: =$E$3+$E$4*M2+$E$5*M2*M2 -> 0.67268339 | Q2: =$E$7+$E$8*M2+$E$9*M2*M2 -> 0.29488235 | R2: =M2 -> 0.88235294 | S2: =N2 -> 0.73684211 | T2: =O2 -> 0.34146341 | U2: =R2 -> 0.88235294 | V2: =S2-$E$3 -> 0.29484211 | W2: =T2-$E$7 -> 0.12246341 | X2: =ATAN2(U2,V2) -> 0.32248932 | Y2: =$E$11-X2 -> 0.46290884 | Z2: =U2*COS(Y2)-V2*SIN(Y2) -> 0.65782923 | AA2: =U2*SIN(Y2)+V2*COS(Y2) -> 0.65782923 | AB2: =W2 -> 0.12246341 | AC2: =ATAN2(Z2,AB2) -> 0.18405598 | AD2: =$E$11-AC2 -> 0.60134219 | AE2: =Z2*COS(AD2)-AB2*SIN(AD2) -> 0.47314722 | AF2: =AE2 -> 0.47314722 | AG2: =Z2*SIN(AD2)+AB2*COS(AD2) -> 0.47314722 | AH2: =N2-P2 -> 0.064158714 | AI2: =O2-Q2 -> 0.046581062 | AJ2: =AH2*$E$17 -> 0.038356488 | AK2: =AI2*$E$18 -> 0.02768588 | AL2: =AE2 -> 0.47314722 | AM2: =AF2+AJ2 -> 0.5115037 | AN2: =AG2+AK2 -> 0.5008331 | AO2: =M2/AL2 -> 1.8648592 | AP2: =AL2*$AO2 -> 0.88235294 | AQ2: =AM2*$AO2 -> 0.95388239 | AR2: =AN2*$AO2 -> 0.93398321 | AS2: =IF(AP2<0,0,IF(AP2>1,1,AP2)) -> 0.88235294 | AT2: =IF(AQ2<0,0,IF(AQ2>1,1,AQ2)) -> 0.95388239 | AU2: =IF(AR2<0,0,IF(AR2>1,1,AR2)) -> 0.93398321
A3: A2 | B3: Hyt Mail | C3: 0 | D3: k0 | E3: 0.442 | F3: 1001 | G3: 15 | H3: 14 | I3: 37 | J3: 22 | K3: 14 | L3: 23 | M3: =G3/(G3+H3) -> 0.51724138 | N3: =I3/(I3+J3) -> 0.62711864 | O3: =K3/(K3+L3) -> 0.37837838 | P3: =$E$3+$E$4*M3+$E$5*M3*M3 -> 0.57777586 | Q3: =$E$7+$E$8*M3+$E$9*M3*M3 -> 0.27568252 | R3: =M3 -> 0.51724138 | S3: =N3 -> 0.62711864 | T3: =O3 -> 0.37837838 | U3: =R3 -> 0.51724138 | V3: =S3-$E$3 -> 0.18511864 | W3: =T3-$E$7 -> 0.15937838 | X3: =ATAN2(U3,V3) -> 0.34369177 | Y3: =$E$11-X3 -> 0.4417064 | Z3: =U3*COS(Y3)-V3*SIN(Y3) -> 0.38846336 | AA3: =U3*SIN(Y3)+V3*COS(Y3) -> 0.38846336 | AB3: =W3 -> 0.15937838 | AC3: =ATAN2(Z3,AB3) -> 0.3893361 | AD3: =$E$11-AC3 -> 0.39606206 | AE3: =Z3*COS(AD3)-AB3*SIN(AD3) -> 0.29690507 | AF3: =AE3 -> 0.29690507 | AG3: =Z3*SIN(AD3)+AB3*COS(AD3) -> 0.29690507 | AH3: =N3-P3 -> 0.049342782 | AI3: =O3-Q3 -> 0.10269586 | AJ3: =AH3*$E$17 -> 0.029498967 | AK3: =AI3*$E$18 -> 0.061038222 | AL3: =AE3 -> 0.29690507 | AM3: =AF3+AJ3 -> 0.32640404 | AN3: =AG3+AK3 -> 0.3579433 | AO3: =M3/AL3 -> 1.7421103 | AP3: =AL3*$AO3 -> 0.51724138 | AQ3: =AM3*$AO3 -> 0.56863183 | AR3: =AN3*$AO3 -> 0.62357669 | AS3: =IF(AP3<0,0,IF(AP3>1,1,AP3)) -> 0.51724138 | AT3: =IF(AQ3<0,0,IF(AQ3>1,1,AQ3)) -> 0.56863183 | AU3: =IF(AR3<0,0,IF(AR3>1,1,AR3)) -> 0.62357669
A4: A3 | B4: Hyt EDV | C4: 0 | D4: k1 | E4: 0.264 | F4: 1004 | G4: 7 | H4: 9 | I4: 21 | J4: 24 | K4: 6 | L4: 63 | M4: =G4/(G4+H4) -> 0.4375 | N4: =I4/(I4+J4) -> 0.46666667 | O4: =K4/(K4+L4) -> 0.086956522 | P4: =$E$3+$E$4*M4+$E$5*M4*M4 -> 0.55694492 | Q4: =$E$7+$E$8*M4+$E$9*M4*M4 -> 0.26919766 | R4: =M4 -> 0.4375 | S4: =N4 -> 0.46666667 | T4: =O4 -> 0.086956522 | U4: =R4 -> 0.4375 | V4: =S4-$E$3 -> 0.024666667 | W4: =T4-$E$7 -> -0.13204348 | X4: =ATAN2(U4,V4) -> 0.056321325 | Y4: =$E$11-X4 -> 0.72907684 | Z4: =U4*COS(Y4)-V4*SIN(Y4) -> 0.30985052 | AA4: =U4*SIN(Y4)+V4*COS(Y4) -> 0.30985052 | AB4: =W4 -> -0.13204348 | AC4: =ATAN2(Z4,AB4) -> -0.40284615 | AD4: =$E$11-AC4 -> 1.1882443 | AE4: =Z4*COS(AD4)-AB4*SIN(AD4) -> 0.23816258 | AF4: =AE4 -> 0.23816258 | AG4: =Z4*SIN(AD4)+AB4*COS(AD4) -> 0.23816258 | AH4: =N4-P4 -> -0.090278255 | AI4: =O4-Q4 -> -0.18224113 | AJ4: =AH4*$E$17 -> -0.05397173 | AK4: =AI4*$E$18 -> -0.10831668 | AL4: =AE4 -> 0.23816258 | AM4: =AF4+AJ4 -> 0.18419085 | AN4: =AG4+AK4 -> 0.12984589 | AO4: =M4/AL4 -> 1.8369804 | AP4: =AL4*$AO4 -> 0.4375 | AQ4: =AM4*$AO4 -> 0.33835499 | AR4: =AN4*$AO4 -> 0.23852437 | AS4: =IF(AP4<0,0,IF(AP4>1,1,AP4)) -> 0.4375 | AT4: =IF(AQ4<0,0,IF(AQ4>1,1,AQ4)) -> 0.33835499 | AU4: =IF(AR4<0,0,IF(AR4>1,1,AR4)) -> 0.23852437
A5: B1 | B5: McMahill Early | C5: 0 | D5: k2 | E5: -0.0029 | F5: 1005 | G5: 14 | H5: 11 | I5: 65 | J5: 29 | K5: 27 | L5: 62 | M5: =G5/(G5+H5) -> 0.56 | N5: =I5/(I5+J5) -> 0.69148936 | O5: =K5/(K5+L5) -> 0.30337079 | P5: =$E$3+$E$4*M5+$E$5*M5*M5 -> 0.58893056 | Q5: =$E$7+$E$8*M5+$E$9*M5*M5 -> 0.27882144 | R5: =M5 -> 0.56 | S5: =N5 -> 0.69148936 | T5: =O5 -> 0.30337079 | U5: =R5 -> 0.56 | V5: =S5-$E$3 -> 0.24948936 | W5: =T5-$E$7 -> 0.084370787 | X5: =ATAN2(U5,V5) -> 0.41911938 | Y5: =$E$11-X5 -> 0.36627879 | Z5: =U5*COS(Y5)-V5*SIN(Y5) -> 0.43350025 | AA5: =U5*SIN(Y5)+V5*COS(Y5) -> 0.43350025 | AB5: =W5 -> 0.084370787 | AC5: =ATAN2(Z5,AB5) -> 0.19222377 | AD5: =$E$11-AC5 -> 0.5931744 | AE5: =Z5*COS(AD5)-AB5*SIN(AD5) -> 0.31228264 | AF5: =AE5 -> 0.31228264 | AG5: =Z5*SIN(AD5)+AB5*COS(AD5) -> 0.31228264 | AH5: =N5-P5 -> 0.1025588 | AI5: =O5-Q5 -> 0.024549347 | AJ5: =AH5*$E$17 -> 0.061313502 | AK5: =AI5*$E$18 -> 0.014591129 | AL5: =AE5 -> 0.31228264 | AM5: =AF5+AJ5 -> 0.37359615 | AN5: =AG5+AK5 -> 0.32687377 | AO5: =M5/AL5 -> 1.7932473 | AP5: =AL5*$AO5 -> 0.56 | AQ5: =AM5*$AO5 -> 0.66995027 | AR5: =AN5*$AO5 -> 0.5861655 | AS5: =IF(AP5<0,0,IF(AP5>1,1,AP5)) -> 0.56 | AT5: =IF(AQ5<0,0,IF(AQ5>1,1,AQ5)) -> 0.66995027 | AU5: =IF(AR5<0,0,IF(AR5>1,1,AR5)) -> 0.5861655
A6: B2 | B6: McMahill Mail | C6: 0 | F6: 1006 | G6: 5 | H6: 6 | I6: 33 | J6: 27 | K6: 16 | L6: 39 | M6: =G6/(G6+H6) -> 0.45454545 | N6: =I6/(I6+J6) -> 0.55 | O6: =K6/(K6+L6) -> 0.29090909 | P6: =$E$3+$E$4*M6+$E$5*M6*M6 -> 0.56140083 | Q6: =$E$7+$E$8*M6+$E$9*M6*M6 -> 0.27065289 | R6: =M6 -> 0.45454545 | S6: =N6 -> 0.55 | T6: =O6 -> 0.29090909 | U6: =R6 -> 0.45454545 | V6: =S6-$E$3 -> 0.108 | W6: =T6-$E$7 -> 0.071909091 | X6: =ATAN2(U6,V6) -> 0.23327446 | Y6: =$E$11-X6 -> 0.5521237 | Z6: =U6*COS(Y6)-V6*SIN(Y6) -> 0.33036008 | AA6: =U6*SIN(Y6)+V6*COS(Y6) -> 0.33036008 | AB6: =W6 -> 0.071909091 | AC6: =ATAN2(Z6,AB6) -> 0.21432566 | AD6: =$E$11-AC6 -> 0.5710725 | AE6: =Z6*COS(AD6)-AB6*SIN(AD6) -> 0.23906976 | AF6: =AE6 -> 0.23906976 | AG6: =Z6*SIN(AD6)+AB6*COS(AD6) -> 0.23906976 | AH6: =N6-P6 -> -0.011400826 | AI6: =O6-Q6 -> 0.020256198 | AJ6: =AH6*$E$17 -> -0.006815842 | AK6: =AI6*$E$18 -> 0.012039457 | AL6: =AE6 -> 0.23906976 | AM6: =AF6+AJ6 -> 0.23225392 | AN6: =AG6+AK6 -> 0.25110922 | AO6: =M6/AL6 -> 1.9013088 | AP6: =AL6*$AO6 -> 0.45454545 | AQ6: =AM6*$AO6 -> 0.44158643 | AR6: =AN6*$AO6 -> 0.47743618 | AS6: =IF(AP6<0,0,IF(AP6>1,1,AP6)) -> 0.45454545 | AT6: =IF(AQ6<0,0,IF(AQ6>1,1,AQ6)) -> 0.44158643 | AU6: =IF(AR6<0,0,IF(AR6>1,1,AR6)) -> 0.47743618
A7: B3 | B7: McMahill EDV | C7: 0 | D7: c0 | E7: 0.219 | F7: 1007 | G7: 14 | H7: 9 | I7: 36 | J7: 33 | K7: 17 | L7: 47 | M7: =G7/(G7+H7) -> 0.60869565 | N7: =I7/(I7+J7) -> 0.52173913 | O7: =K7/(K7+L7) -> 0.265625 | P7: =$E$3+$E$4*M7+$E$5*M7*M7 -> 0.60162117 | Q7: =$E$7+$E$8*M7+$E$9*M7*M7 -> 0.28210851 | R7: =M7 -> 0.60869565 | S7: =N7 -> 0.52173913 | T7: =O7 -> 0.265625 | U7: =R7 -> 0.60869565 | V7: =S7-$E$3 -> 0.07973913 | W7: =T7-$E$7 -> 0.046625 | X7: =ATAN2(U7,V7) -> 0.13025826 | Y7: =$E$11-X7 -> 0.6551399 | Z7: =U7*COS(Y7)-V7*SIN(Y7) -> 0.43409027 | AA7: =U7*SIN(Y7)+V7*COS(Y7) -> 0.43409027 | AB7: =W7 -> 0.046625 | AC7: =ATAN2(Z7,AB7) -> 0.10699833 | AD7: =$E$11-AC7 -> 0.67839984 | AE7: =Z7*COS(AD7)-AB7*SIN(AD7) -> 0.30871366 | AF7: =AE7 -> 0.30871366 | AG7: =Z7*SIN(AD7)+AB7*COS(AD7) -> 0.30871366 | AH7: =N7-P7 -> -0.079882042 | AI7: =O7-Q7 -> -0.016483507 | AJ7: =AH7*$E$17 -> -0.047756483 | AK7: =AI7*$E$18 -> -0.0097971229 | AL7: =AE7 -> 0.30871366 | AM7: =AF7+AJ7 -> 0.26095718 | AN7: =AG7+AK7 -> 0.29891654 | AO7: =M7/AL7 -> 1.9717159 | AP7: =AL7*$AO7 -> 0.60869565 | AQ7: =AM7*$AO7 -> 0.51453343 | AR7: =AN7*$AO7 -> 0.58937851 | AS7: =IF(AP7<0,0,IF(AP7>1,1,AP7)) -> 0.60869565 | AT7: =IF(AQ7<0,0,IF(AQ7>1,1,AQ7)) -> 0.51453343 | AU7: =IF(AR7<0,0,IF(AR7>1,1,AR7)) -> 0.58937851
A8: C1 | B8: Roberts Early | C8: 0 | D8: c1 | E8: 0.143 | F8: 1008 | G8: 15 | H8: 25 | I8: 65 | J8: 35 | K8: 27 | L8: 64 | M8: =G8/(G8+H8) -> 0.375 | N8: =I8/(I8+J8) -> 0.65 | O8: =K8/(K8+L8) -> 0.2967033 | P8: =$E$3+$E$4*M8+$E$5*M8*M8 -> 0.54059219 | Q8: =$E$7+$E$8*M8+$E$9*M8*M8 -> 0.26354062 | R8: =M8 -> 0.375 | S8: =N8 -> 0.65 | T8: =O8 -> 0.2967033 | U8: =R8 -> 0.375 | V8: =S8-$E$3 -> 0.208 | W8: =T8-$E$7 -> 0.077703297 | X8: =ATAN2(U8,V8) -> 0.506419 | Y8: =$E$11-X8 -> 0.27897916 | Z8: =U8*COS(Y8)-V8*SIN(Y8) -> 0.30322351 | AA8: =U8*SIN(Y8)+V8*COS(Y8) -> 0.30322351 | AB8: =W8 -> 0.077703297 | AC8: =ATAN2(Z8,AB8) -> 0.25085934 | AD8: =$E$11-AC8 -> 0.53453882 | AE8: =Z8*COS(AD8)-AB8*SIN(AD8) -> 0.22133945 | AF8: =AE8 -> 0.22133945 | AG8: =Z8*SIN(AD8)+AB8*COS(AD8) -> 0.22133945 | AH8: =N8-P8 -> 0.10940781 | AI8: =O8-Q8 -> 0.033162672 | AJ8: =AH8*$E$17 -> 0.065408098 | AK8: =AI8*$E$18 -> 0.019710537 | AL8: =AE8 -> 0.22133945 | AM8: =AF8+AJ8 -> 0.28674755 | AN8: =AG8+AK8 -> 0.24104998 | AO8: =M8/AL8 -> 1.6942303 | AP8: =AL8*$AO8 -> 0.375 | AQ8: =AM8*$AO8 -> 0.48581638 | AR8: =AN8*$AO8 -> 0.40839419 | AS8: =IF(AP8<0,0,IF(AP8>1,1,AP8)) -> 0.375 | AT8: =IF(AQ8<0,0,IF(AQ8>1,1,AQ8)) -> 0.48581638 | AU8: =IF(AR8<0,0,IF(AR8>1,1,AR8)) -> 0.40839419
A9: C2 | B9: Roberts Mail | C9: 0 | D9: c2 | E9: -0.0646 | F9: 1009 | G9: 23 | H9: 29 | I9: 67 | J9: 46 | K9: 24 | L9: 51 | M9: =G9/(G9+H9) -> 0.44230769 | N9: =I9/(I9+J9) -> 0.59292035 | O9: =K9/(K9+L9) -> 0.32 | P9: =$E$3+$E$4*M9+$E$5*M9*M9 -> 0.55820189 | Q9: =$E$7+$E$8*M9+$E$9*M9*M9 -> 0.26961191 | R9: =M9 -> 0.44230769 | S9: =N9 -> 0.59292035 | T9: =O9 -> 0.32 | U9: =R9 -> 0.44230769 | V9: =S9-$E$3 -> 0.15092035 | W9: =T9-$E$7 -> 0.101 | X9: =ATAN2(U9,V9) -> 0.32882383 | Y9: =$E$11-X9 -> 0.45657433 | Z9: =U9*COS(Y9)-V9*SIN(Y9) -> 0.3304641 | AA9: =U9*SIN(Y9)+V9*COS(Y9) -> 0.3304641 | AB9: =W9 -> 0.101 | AC9: =ATAN2(Z9,AB9) -> 0.2966146 | AD9: =$E$11-AC9 -> 0.48878356 | AE9: =Z9*COS(AD9)-AB9*SIN(AD9) -> 0.24434353 | AF9: =AE9 -> 0.24434353 | AG9: =Z9*SIN(AD9)+AB9*COS(AD9) -> 0.24434353 | AH9: =N9-P9 -> 0.034718468 | AI9: =O9-Q9 -> 0.050388092 | AJ9: =AH9*$E$17 -> 0.020756003 | AK9: =AI9*$E$18 -> 0.029948623 | AL9: =AE9 -> 0.24434353 | AM9: =AF9+AJ9 -> 0.26509954 | AN9: =AG9+AK9 -> 0.27429216 | AO9: =M9/AL9 -> 1.8101878 | AP9: =AL9*$AO9 -> 0.44230769 | AQ9: =AM9*$AO9 -> 0.47987996 | AR9: =AN9*$AO9 -> 0.49652033 | AS9: =IF(AP9<0,0,IF(AP9>1,1,AP9)) -> 0.44230769 | AT9: =IF(AQ9<0,0,IF(AQ9>1,1,AQ9)) -> 0.47987996 | AU9: =IF(AR9<0,0,IF(AR9>1,1,AR9)) -> 0.49652033
A10: C3 | B10: Roberts EDV | C10: 0 | F10: 1012 | G10: 23 | H10: 28 | I10: 82 | J10: 69 | K10: 35 | L10: 121 | M10: =G10/(G10+H10) -> 0.45098039 | N10: =I10/(I10+J10) -> 0.54304636 | O10: =K10/(K10+L10) -> 0.22435897 | P10: =$E$3+$E$4*M10+$E$5*M10*M10 -> 0.56046901 | Q10: =$E$7+$E$8*M10+$E$9*M10*M10 -> 0.27035163 | R10: =M10 -> 0.45098039 | S10: =N10 -> 0.54304636 | T10: =O10 -> 0.22435897 | U10: =R10 -> 0.45098039 | V10: =S10-$E$3 -> 0.10104636 | W10: =T10-$E$7 -> 0.0053589744 | X10: =ATAN2(U10,V10) -> 0.2204189 | Y10: =$E$11-X10 -> 0.56497926 | Z10: =U10*COS(Y10)-V10*SIN(Y10) -> 0.32679786 | AA10: =U10*SIN(Y10)+V10*COS(Y10) -> 0.32679786 | AB10: =W10 -> 0.0053589744 | AC10: =ATAN2(Z10,AB10) -> 0.016396968 | AD10: =$E$11-AC10 -> 0.7690012 | AE10: =Z10*COS(AD10)-AB10*SIN(AD10) -> 0.23111205 | AF10: =AE10 -> 0.23111205 | AG10: =Z10*SIN(AD10)+AB10*COS(AD10) -> 0.23111205 | AH10: =N10-P10 -> -0.017422654 | AI10: =O10-Q10 -> -0.04599266 | AJ10: =AH10*$E$17 -> -0.010415917 | AK10: =AI10*$E$18 -> -0.027336158 | AL10: =AE10 -> 0.23111205 | AM10: =AF10+AJ10 -> 0.22069613 | AN10: =AG10+AK10 -> 0.20377589 | AO10: =M10/AL10 -> 1.9513495 | AP10: =AL10*$AO10 -> 0.45098039 | AQ10: =AM10*$AO10 -> 0.4306553 | AR10: =AN10*$AO10 -> 0.39763799 | AS10: =IF(AP10<0,0,IF(AP10>1,1,AP10)) -> 0.45098039 | AT10: =IF(AQ10<0,0,IF(AQ10>1,1,AQ10)) -> 0.4306553 | AU10: =IF(AR10<0,0,IF(AR10>1,1,AR10)) -> 0.39763799
C11: 0 | D11: Pi/4 | E11: =PI()/4 -> 0.78539816 | F11: 1015 | G11: 34 | H11: 19 | I11: 69 | J11: 42 | K11: 14 | L11: 78 | M11: =G11/(G11+H11) -> 0.64150943 | N11: =I11/(I11+J11) -> 0.62162162 | O11: =K11/(K11+L11) -> 0.15217391 | P11: =$E$3+$E$4*M11+$E$5*M11*M11 -> 0.61016504 | Q11: =$E$7+$E$8*M11+$E$9*M11*M11 -> 0.28415073 | R11: =M11 -> 0.64150943 | S11: =N11 -> 0.62162162 | T11: =O11 -> 0.15217391 | U11: =R11 -> 0.64150943 | V11: =S11-$E$3 -> 0.17962162 | W11: =T11-$E$7 -> -0.066826087 | X11: =ATAN2(U11,V11) -> 0.27300723 | Y11: =$E$11-X11 -> 0.51239093 | Z11: =U11*COS(Y11)-V11*SIN(Y11) -> 0.47106172 | AA11: =U11*SIN(Y11)+V11*COS(Y11) -> 0.47106172 | AB11: =W11 -> -0.066826087 | AC11: =ATAN2(Z11,AB11) -> -0.14092237 | AD11: =$E$11-AC11 -> 0.92632053 | AE11: =Z11*COS(AD11)-AB11*SIN(AD11) -> 0.33642597 | AF11: =AE11 -> 0.33642597 | AG11: =Z11*SIN(AD11)+AB11*COS(AD11) -> 0.33642597 | AH11: =N11-P11 -> 0.011456581 | AI11: =O11-Q11 -> -0.13197682 | AJ11: =AH11*$E$17 -> 0.006849174 | AK11: =AI11*$E$18 -> -0.078441628 | AL11: =AE11 -> 0.33642597 | AM11: =AF11+AJ11 -> 0.34327514 | AN11: =AG11+AK11 -> 0.25798434 | AO11: =M11/AL11 -> 1.9068368 | AP11: =AL11*$AO11 -> 0.64150943 | AQ11: =AM11*$AO11 -> 0.65456969 | AR11: =AN11*$AO11 -> 0.49193405 | AS11: =IF(AP11<0,0,IF(AP11>1,1,AP11)) -> 0.64150943 | AT11: =IF(AQ11<0,0,IF(AQ11>1,1,AQ11)) -> 0.65456969 | AU11: =IF(AR11<0,0,IF(AR11>1,1,AR11)) -> 0.49193405
A12: m1 | B12: A1/(A1+A3) | C12: 0 | F12: 1016 | G12: 4 | H12: 12 | I12: 21 | J12: 17 | K12: 7 | L12: 28 | M12: =G12/(G12+H12) -> 0.25 | N12: =I12/(I12+J12) -> 0.55263158 | O12: =K12/(K12+L12) -> 0.2 | P12: =$E$3+$E$4*M12+$E$5*M12*M12 -> 0.50781875 | Q12: =$E$7+$E$8*M12+$E$9*M12*M12 -> 0.2507125 | R12: =M12 -> 0.25 | S12: =N12 -> 0.55263158 | T12: =O12 -> 0.2 | U12: =R12 -> 0.25 | V12: =S12-$E$3 -> 0.11063158 | W12: =T12-$E$7 -> -0.019 | X12: =ATAN2(U12,V12) -> 0.41662145 | Y12: =$E$11-X12 -> 0.36877671 | Z12: =U12*COS(Y12)-V12*SIN(Y12) -> 0.19331237 | AA12: =U12*SIN(Y12)+V12*COS(Y12) -> 0.19331237 | AB12: =W12 -> -0.019 | AC12: =ATAN2(Z12,AB12) -> -0.09797185 | AD12: =$E$11-AC12 -> 0.88337001 | AE12: =Z12*COS(AD12)-AB12*SIN(AD12) -> 0.13735114 | AF12: =AE12 -> 0.13735114 | AG12: =Z12*SIN(AD12)+AB12*COS(AD12) -> 0.13735114 | AH12: =N12-P12 -> 0.044812829 | AI12: =O12-Q12 -> -0.0507125 | AJ12: =AH12*$E$17 -> 0.026790791 | AK12: =AI12*$E$18 -> -0.030141438 | AL12: =AE12 -> 0.13735114 | AM12: =AF12+AJ12 -> 0.16414193 | AN12: =AG12+AK12 -> 0.10720971 | AO12: =M12/AL12 -> 1.8201523 | AP12: =AL12*$AO12 -> 0.25 | AQ12: =AM12*$AO12 -> 0.29876332 | AR12: =AN12*$AO12 -> 0.19513799 | AS12: =IF(AP12<0,0,IF(AP12>1,1,AP12)) -> 0.25 | AT12: =IF(AQ12<0,0,IF(AQ12>1,1,AQ12)) -> 0.29876332 | AU12: =IF(AR12<0,0,IF(AR12>1,1,AR12)) -> 0.19513799
A13: m2 | B13: B1/(B1+B3) | C13: 0 | F13: 1038 | G13: 14 | H13: 10 | I13: 59 | J13: 27 | K13: 13 | L13: 49 | M13: =G13/(G13+H13) -> 0.58333333 | N13: =I13/(I13+J13) -> 0.68604651 | O13: =K13/(K13+L13) -> 0.20967742 | P13: =$E$3+$E$4*M13+$E$5*M13*M13 -> 0.59501319 | Q13: =$E$7+$E$8*M13+$E$9*M13*M13 -> 0.28043472 | R13: =M13 -> 0.58333333 | S13: =N13 -> 0.68604651 | T13: =O13 -> 0.20967742 | U13: =R13 -> 0.58333333 | V13: =S13-$E$3 -> 0.24404651 | W13: =T13-$E$7 -> -0.0093225806 | X13: =ATAN2(U13,V13) -> 0.39623773 | Y13: =$E$11-X13 -> 0.38916043 | Z13: =U13*COS(Y13)-V13*SIN(Y13) -> 0.44712217 | AA13: =U13*SIN(Y13)+V13*COS(Y13) -> 0.44712217 | AB13: =W13 -> -0.0093225806 | AC13: =ATAN2(Z13,AB13) -> -0.020847166 | AD13: =$E$11-AC13 -> 0.80624533 | AE13: =Z13*COS(AD13)-AB13*SIN(AD13) -> 0.31623184 | AF13: =AE13 -> 0.31623184 | AG13: =Z13*SIN(AD13)+AB13*COS(AD13) -> 0.31623184 | AH13: =N13-P13 -> 0.091033317 | AI13: =O13-Q13 -> -0.070757303 | AJ13: =AH13*$E$17 -> 0.054423134 | AK13: =AI13*$E$18 -> -0.04205525 | AL13: =AE13 -> 0.31623184 | AM13: =AF13+AJ13 -> 0.37065497 | AN13: =AG13+AK13 -> 0.27417659 | AO13: =M13/AL13 -> 1.8446382 | AP13: =AL13*$AO13 -> 0.58333333 | AQ13: =AM13*$AO13 -> 0.68372433 | AR13: =AN13*$AO13 -> 0.50575661 | AS13: =IF(AP13<0,0,IF(AP13>1,1,AP13)) -> 0.58333333 | AT13: =IF(AQ13<0,0,IF(AQ13>1,1,AQ13)) -> 0.68372433 | AU13: =IF(AR13<0,0,IF(AR13>1,1,AR13)) -> 0.50575661
A14: m3 | B14: C1/(C1+C3) | C14: 0 | D14: sigma2 | E14: =_xlfn.STDEV.S(AH2:AH594) -> 0.083634761 | F14: 1039 | G14: 27 | H14: 33 | I14: 143 | J14: 73 | K14: 38 | L14: 116 | M14: =G14/(G14+H14) -> 0.45 | N14: =I14/(I14+J14) -> 0.66203704 | O14: =K14/(K14+L14) -> 0.24675325 | P14: =$E$3+$E$4*M14+$E$5*M14*M14 -> 0.56021275 | Q14: =$E$7+$E$8*M14+$E$9*M14*M14 -> 0.2702685 | R14: =M14 -> 0.45 | S14: =N14 -> 0.66203704 | T14: =O14 -> 0.24675325 | U14: =R14 -> 0.45 | V14: =S14-$E$3 -> 0.22003704 | W14: =T14-$E$7 -> 0.027753247 | X14: =ATAN2(U14,V14) -> 0.4547857 | Y14: =$E$11-X14 -> 0.33061246 | Z14: =U14*COS(Y14)-V14*SIN(Y14) -> 0.35420072 | AA14: =U14*SIN(Y14)+V14*COS(Y14) -> 0.35420072 | AB14: =W14 -> 0.027753247 | AC14: =ATAN2(Z14,AB14) -> 0.078194812 | AD14: =$E$11-AC14 -> 0.70720335 | AE14: =Z14*COS(AD14)-AB14*SIN(AD14) -> 0.25122539 | AF14: =AE14 -> 0.25122539 | AG14: =Z14*SIN(AD14)+AB14*COS(AD14) -> 0.25122539 | AH14: =N14-P14 -> 0.10182429 | AI14: =O14-Q14 -> -0.023515253 | AJ14: =AH14*$E$17 -> 0.060874381 | AK14: =AI14*$E$18 -> -0.013976506 | AL14: =AE14 -> 0.25122539 | AM14: =AF14+AJ14 -> 0.31209977 | AN14: =AG14+AK14 -> 0.23724888 | AO14: =M14/AL14 -> 1.7912202 | AP14: =AL14*$AO14 -> 0.45 | AQ14: =AM14*$AO14 -> 0.55903942 | AR14: =AN14*$AO14 -> 0.424965 | AS14: =IF(AP14<0,0,IF(AP14>1,1,AP14)) -> 0.45 | AT14: =IF(AQ14<0,0,IF(AQ14>1,1,AQ14)) -> 0.55903942 | AU14: =IF(AR14<0,0,IF(AR14>1,1,AR14)) -> 0.424965
C15: 0 | D15: sigma3 | E15: =_xlfn.STDEV.S(AI2:AI594) -> 0.084124221 | F15: 1063 | G15: 12 | H15: 24 | I15: 49 | J15: 48 | K15: 21 | L15: 46 | M15: =G15/(G15+H15) -> 0.33333333 | N15: =I15/(I15+J15) -> 0.50515464 | O15: =K15/(K15+L15) -> 0.31343284 | P15: =$E$3+$E$4*M15+$E$5*M15*M15 -> 0.52967778 | Q15: =$E$7+$E$8*M15+$E$9*M15*M15 -> 0.25948889 | R15: =M15 -> 0.33333333 | S15: =N15 -> 0.50515464 | T15: =O15 -> 0.31343284 | U15: =R15 -> 0.33333333 | V15: =S15-$E$3 -> 0.063154639 | W15: =T15-$E$7 -> 0.094432836 | X15: =ATAN2(U15,V15) -> 0.18724449 | Y15: =$E$11-X15 -> 0.59815367 | Z15: =U15*COS(Y15)-V15*SIN(Y15) -> 0.23989541 | AA15: =U15*SIN(Y15)+V15*COS(Y15) -> 0.23989541 | AB15: =W15 -> 0.094432836 | AC15: =ATAN2(Z15,AB15) -> 0.37501308 | AD15: =$E$11-AC15 -> 0.41038508 | AE15: =Z15*COS(AD15)-AB15*SIN(AD15) -> 0.18230108 | AF15: =AE15 -> 0.18230108 | AG15: =Z15*SIN(AD15)+AB15*COS(AD15) -> 0.18230108 | AH15: =N15-P15 -> -0.024523139 | AI15: =O15-Q15 -> 0.053943947 | AJ15: =AH15*$E$17 -> -0.014660853 | AK15: =AI15*$E$18 -> 0.032062078 | AL15: =AE15 -> 0.18230108 | AM15: =AF15+AJ15 -> 0.16764023 | AN15: =AG15+AK15 -> 0.21436316 | AO15: =M15/AL15 -> 1.828477 | AP15: =AL15*$AO15 -> 0.33333333 | AQ15: =AM15*$AO15 -> 0.3065263 | AR15: =AN15*$AO15 -> 0.3919581 | AS15: =IF(AP15<0,0,IF(AP15>1,1,AP15)) -> 0.33333333 | AT15: =IF(AQ15<0,0,IF(AQ15>1,1,AQ15)) -> 0.3065263 | AU15: =IF(AR15<0,0,IF(AR15>1,1,AR15)) -> 0.3919581
C16: 0 | F16: 1074 | G16: 6 | H16: 20 | I16: 37 | J16: 77 | K16: 11 | L16: 84 | M16: =G16/(G16+H16) -> 0.23076923 | N16: =I16/(I16+J16) -> 0.3245614 | O16: =K16/(K16+L16) -> 0.11578947 | P16: =$E$3+$E$4*M16+$E$5*M16*M16 -> 0.50276864 | Q16: =$E$7+$E$8*M16+$E$9*M16*M16 -> 0.24855976 | R16: =M16 -> 0.23076923 | S16: =N16 -> 0.3245614 | T16: =O16 -> 0.11578947 | U16: =R16 -> 0.23076923 | V16: =S16-$E$3 -> -0.1174386 | W16: =T16-$E$7 -> -0.10321053 | X16: =ATAN2(U16,V16) -> -0.4707427 | Y16: =$E$11-X16 -> 1.2561409 | Z16: =U16*COS(Y16)-V16*SIN(Y16) -> 0.18309323 | AA16: =U16*SIN(Y16)+V16*COS(Y16) -> 0.18309323 | AB16: =W16 -> -0.10321053 | AC16: =ATAN2(Z16,AB16) -> -0.51330418 | AD16: =$E$11-AC16 -> 1.2987023 | AE16: =Z16*COS(AD16)-AB16*SIN(AD16) -> 0.14861955 | AF16: =AE16 -> 0.14861955 | AG16: =Z16*SIN(AD16)+AB16*COS(AD16) -> 0.14861955 | AH16: =N16-P16 -> -0.17820724 | AI16: =O16-Q16 -> -0.13277029 | AJ16: =AH16*$E$17 -> -0.10653898 | AK16: =AI16*$E$18 -> -0.078913235 | AL16: =AE16 -> 0.14861955 | AM16: =AF16+AJ16 -> 0.042080579 | AN16: =AG16+AK16 -> 0.069706318 | AO16: =M16/AL16 -> 1.5527515 | AP16: =AL16*$AO16 -> 0.23076923 | AQ16: =AM16*$AO16 -> 0.06534068 | AR16: =AN16*$AO16 -> 0.10823659 | AS16: =IF(AP16<0,0,IF(AP16>1,1,AP16)) -> 0.23076923 | AT16: =IF(AQ16<0,0,IF(AQ16>1,1,AQ16)) -> 0.06534068 | AU16: =IF(AR16<0,0,IF(AR16>1,1,AR16)) -> 0.10823659
C17: 0 | D17: Scale2 | E17: =0.05/E14 -> 0.59783754 | F17: 1302 | G17: 32 | H17: 14 | I17: 85 | J17: 60 | K17: 31 | L17: 81 | M17: =G17/(G17+H17) -> 0.69565217 | N17: =I17/(I17+J17) -> 0.5862069 | O17: =K17/(K17+L17) -> 0.27678571 | P17: =$E$3+$E$4*M17+$E$5*M17*M17 -> 0.62424877 | Q17: =$E$7+$E$8*M17+$E$9*M17*M17 -> 0.28721626 | R17: =M17 -> 0.69565217 | S17: =N17 -> 0.5862069 | T17: =O17 -> 0.27678571 | U17: =R17 -> 0.69565217 | V17: =S17-$E$3 -> 0.1442069 | W17: =T17-$E$7 -> 0.057785714 | X17: =ATAN2(U17,V17) -> 0.20440236 | Y17: =$E$11-X17 -> 0.58099581 | Z17: =U17*COS(Y17)-V17*SIN(Y17) -> 0.50235823 | AA17: =U17*SIN(Y17)+V17*COS(Y17) -> 0.50235823 | AB17: =W17 -> 0.057785714 | AC17: =ATAN2(Z17,AB17) -> 0.11452555 | AD17: =$E$11-AC17 -> 0.67087261 | AE17: =Z17*COS(AD17)-AB17*SIN(AD17) -> 0.35756326 | AF17: =AE17 -> 0.35756326 | AG17: =Z17*SIN(AD17)+AB17*COS(AD17) -> 0.35756326 | AH17: =N17-P17 -> -0.038041875 | AI17: =O17-Q17 -> -0.010430543 | AJ17: =AH17*$E$17 -> -0.022742861 | AK17: =AI17*$E$18 -> -0.0061994885 | AL17: =AE17 -> 0.35756326 | AM17: =AF17+AJ17 -> 0.3348204 | AN17: =AG17+AK17 -> 0.35136378 | AO17: =M17/AL17 -> 1.9455359 | AP17: =AL17*$AO17 -> 0.69565217 | AQ17: =AM17*$AO17 -> 0.65140512 | AR17: =AN17*$AO17 -> 0.68359085 | AS17: =IF(AP17<0,0,IF(AP17>1,1,AP17)) -> 0.69565217 | AT17: =IF(AQ17<0,0,IF(AQ17>1,1,AQ17)) -> 0.65140512 | AU17: =IF(AR17<0,0,IF(AR17>1,1,AR17)) -> 0.68359085
C18: 0 | D18: Scale3 | E18: =0.05/E15 -> 0.59435914 | F18: 1304 | G18: 19 | H18: 30 | I18: 53 | J18: 35 | K18: 28 | L18: 64 | M18: =G18/(G18+H18) -> 0.3877551 | N18: =I18/(I18+J18) -> 0.60227273 | O18: =K18/(K18+L18) -> 0.30434783 | P18: =$E$3+$E$4*M18+$E$5*M18*M18 -> 0.54393132 | Q18: =$E$7+$E$8*M18+$E$9*M18*M18 -> 0.26473611 | R18: =M18 -> 0.3877551 | S18: =N18 -> 0.60227273 | T18: =O18 -> 0.30434783 | U18: =R18 -> 0.3877551 | V18: =S18-$E$3 -> 0.16027273 | W18: =T18-$E$7 -> 0.085347826 | X18: =ATAN2(U18,V18) -> 0.39194889 | Y18: =$E$11-X18 -> 0.39344928 | Z18: =U18*COS(Y18)-V18*SIN(Y18) -> 0.2966828 | AA18: =U18*SIN(Y18)+V18*COS(Y18) -> 0.2966828 | AB18: =W18 -> 0.085347826 | AC18: =ATAN2(Z18,AB18) -> 0.28011022 | AD18: =$E$11-AC18 -> 0.50528795 | AE18: =Z18*COS(AD18)-AB18*SIN(AD18) -> 0.21829445 | AF18: =AE18 -> 0.21829445 | AG18: =Z18*SIN(AD18)+AB18*COS(AD18) -> 0.21829445 | AH18: =N18-P18 -> 0.058341407 | AI18: =O18-Q18 -> 0.039611716 | AJ18: =AH18*$E$17 -> 0.034878683 | AK18: =AI18*$E$18 -> 0.023543586 | AL18: =AE18 -> 0.21829445 | AM18: =AF18+AJ18 -> 0.25317313 | AN18: =AG18+AK18 -> 0.24183804 | AO18: =M18/AL18 -> 1.7762939 | AP18: =AL18*$AO18 -> 0.3877551 | AQ18: =AM18*$AO18 -> 0.44970989 | AR18: =AN18*$AO18 -> 0.42957543 | AS18: =IF(AP18<0,0,IF(AP18>1,1,AP18)) -> 0.3877551 | AT18: =IF(AQ18<0,0,IF(AQ18>1,1,AQ18)) -> 0.44970989 | AU18: =IF(AR18<0,0,IF(AR18>1,1,AR18)) -> 0.42957543
C19: 0 | F19: 1307 | G19: 29 | H19: 27 | I19: 66 | J19: 44 | K19: 18 | L19: 63 | M19: =G19/(G19+H19) -> 0.51785714 | N19: =I19/(I19+J19) -> 0.6 | O19: =K19/(K19+L19) -> 0.22222222 | P19: =$E$3+$E$4*M19+$E$5*M19*M19 -> 0.57793658 | Q19: =$E$7+$E$8*M19+$E$9*M19*M19 -> 0.2757294 | R19: =M19 -> 0.51785714 | S19: =N19 -> 0.6 | T19: =O19 -> 0.22222222 | U19: =R19 -> 0.51785714 | V19: =S19-$E$3 -> 0.158 | W19: =T19-$E$7 -> 0.0032222222 | X19: =ATAN2(U19,V19) -> 0.29613226 | Y19: =$E$11-X19 -> 0.48926591 | Z19: =U19*COS(Y19)-V19*SIN(Y19) -> 0.38284463 | AA19: =U19*SIN(Y19)+V19*COS(Y19) -> 0.38284463 | AB19: =W19 -> 0.0032222222 | AC19: =ATAN2(Z19,AB19) -> 0.0084163284 | AD19: =$E$11-AC19 -> 0.77698183 | AE19: =Z19*COS(AD19)-AB19*SIN(AD19) -> 0.27072162 | AF19: =AE19 -> 0.27072162 | AG19: =Z19*SIN(AD19)+AB19*COS(AD19) -> 0.27072162 | AH19: =N19-P19 -> 0.022063425 | AI19: =O19-Q19 -> -0.053507178 | AJ19: =AH19*$E$17 -> 0.013190344 | AK19: =AI19*$E$18 -> -0.031802481 | AL19: =AE19 -> 0.27072162 | AM19: =AF19+AJ19 -> 0.28391197 | AN19: =AG19+AK19 -> 0.23891914 | AO19: =M19/AL19 -> 1.9128769 | AP19: =AL19*$AO19 -> 0.51785714 | AQ19: =AM19*$AO19 -> 0.54308865 | AR19: =AN19*$AO19 -> 0.45702291 | AS19: =IF(AP19<0,0,IF(AP19>1,1,AP19)) -> 0.51785714 | AT19: =IF(AQ19<0,0,IF(AQ19>1,1,AQ19)) -> 0.54308865 | AU19: =IF(AR19<0,0,IF(AR19>1,1,AR19)) -> 0.45702291
C20: 0 | F20: 1318 | G20: 14 | H20: 12 | I20: 29 | J20: 29 | K20: 5 | L20: 28 | M20: =G20/(G20+H20) -> 0.53846154 | N20: =I20/(I20+J20) -> 0.5 | O20: =K20/(K20+L20) -> 0.15151515 | P20: =$E$3+$E$4*M20+$E$5*M20*M20 -> 0.58331302 | Q20: =$E$7+$E$8*M20+$E$9*M20*M20 -> 0.27726982 | R20: =M20 -> 0.53846154 | S20: =N20 -> 0.5 | T20: =O20 -> 0.15151515 | U20: =R20 -> 0.53846154 | V20: =S20-$E$3 -> 0.058 | W20: =T20-$E$7 -> -0.067484848 | X20: =ATAN2(U20,V20) -> 0.10730058 | Y20: =$E$11-X20 -> 0.67809758 | Z20: =U20*COS(Y20)-V20*SIN(Y20) -> 0.38295223 | AA20: =U20*SIN(Y20)+V20*COS(Y20) -> 0.38295223 | AB20: =W20 -> -0.067484848 | AC20: =ATAN2(Z20,AB20) -> -0.17443172 | AD20: =$E$11-AC20 -> 0.95982988 | AE20: =Z20*COS(AD20)-AB20*SIN(AD20) -> 0.27496056 | AF20: =AE20 -> 0.27496056 | AG20: =Z20*SIN(AD20)+AB20*COS(AD20) -> 0.27496056 | AH20: =N20-P20 -> -0.083313018 | AI20: =O20-Q20 -> -0.12575467 | AJ20: =AH20*$E$17 -> -0.04980765 | AK20: =AI20*$E$18 -> -0.074743438 | AL20: =AE20 -> 0.27496056 | AM20: =AF20+AJ20 -> 0.22515291 | AN20: =AG20+AK20 -> 0.20021712 | AO20: =M20/AL20 -> 1.9583228 | AP20: =AL20*$AO20 -> 0.53846154 | AQ20: =AM20*$AO20 -> 0.44092208 | AR20: =AN20*$AO20 -> 0.39208976 | AS20: =IF(AP20<0,0,IF(AP20>1,1,AP20)) -> 0.53846154 | AT20: =IF(AQ20<0,0,IF(AQ20>1,1,AQ20)) -> 0.44092208 | AU20: =IF(AR20<0,0,IF(AR20>1,1,AR20)) -> 0.39208976
C21: 0 | D21: centroid1 | E21: =AVERAGE(AL$2:AL$594) -> 0.25392758 | F21: 1327 | G21: 19 | H21: 15 | I21: 33 | J21: 23 | K21: 18 | L21: 36 | M21: =G21/(G21+H21) -> 0.55882353 | N21: =I21/(I21+J21) -> 0.58928571 | O21: =K21/(K21+L21) -> 0.33333333 | P21: =$E$3+$E$4*M21+$E$5*M21*M21 -> 0.58862379 | Q21: =$E$7+$E$8*M21+$E$9*M21*M21 -> 0.27873824 | R21: =M21 -> 0.55882353 | S21: =N21 -> 0.58928571 | T21: =O21 -> 0.33333333 | U21: =R21 -> 0.55882353 | V21: =S21-$E$3 -> 0.14728571 | W21: =T21-$E$7 -> 0.11433333 | X21: =ATAN2(U21,V21) -> 0.2577034 | Y21: =$E$11-X21 -> 0.52769477 | Z21: =U21*COS(Y21)-V21*SIN(Y21) -> 0.40864215 | AA21: =U21*SIN(Y21)+V21*COS(Y21) -> 0.40864215 | AB21: =W21 -> 0.11433333 | AC21: =ATAN2(Z21,AB21) -> 0.27281247 | AD21: =$E$11-AC21 -> 0.51258569 | AE21: =Z21*COS(AD21)-AB21*SIN(AD21) -> 0.30005043 | AF21: =AE21 -> 0.30005043 | AG21: =Z21*SIN(AD21)+AB21*COS(AD21) -> 0.30005043 | AH21: =N21-P21 -> 0.00066192536 | AI21: =O21-Q21 -> 0.054595098 | AJ21: =AH21*$E$17 -> 0.00039572383 | AK21: =AI21*$E$18 -> 0.032449096 | AL21: =AE21 -> 0.30005043 | AM21: =AF21+AJ21 -> 0.30044615 | AN21: =AG21+AK21 -> 0.33249953 | AO21: =M21/AL21 -> 1.862432 | AP21: =AL21*$AO21 -> 0.55882353 | AQ21: =AM21*$AO21 -> 0.55956054 | AR21: =AN21*$AO21 -> 0.61925776 | AS21: =IF(AP21<0,0,IF(AP21>1,1,AP21)) -> 0.55882353 | AT21: =IF(AQ21<0,0,IF(AQ21>1,1,AQ21)) -> 0.55956054 | AU21: =IF(AR21<0,0,IF(AR21>1,1,AR21)) -> 0.61925776
C22: 0 | D22: centroid2 | E22: =AVERAGE(AM$2:AM$594) -> 0.2509421 | F22: 1328 | G22: 11 | H22: 13 | I22: 38 | J22: 25 | K22: 20 | L22: 45 | M22: =G22/(G22+H22) -> 0.45833333 | N22: =I22/(I22+J22) -> 0.6031746 | O22: =K22/(K22+L22) -> 0.30769231 | P22: =$E$3+$E$4*M22+$E$5*M22*M22 -> 0.5623908 | Q22: =$E$7+$E$8*M22+$E$9*M22*M22 -> 0.27097118 | R22: =M22 -> 0.45833333 | S22: =N22 -> 0.6031746 | T22: =O22 -> 0.30769231 | U22: =R22 -> 0.45833333 | V22: =S22-$E$3 -> 0.1611746 | W22: =T22-$E$7 -> 0.088692308 | X22: =ATAN2(U22,V22) -> 0.33814727 | Y22: =$E$11-X22 -> 0.44725089 | Z22: =U22*COS(Y22)-V22*SIN(Y22) -> 0.34354526 | AA22: =U22*SIN(Y22)+V22*COS(Y22) -> 0.34354526 | AB22: =W22 -> 0.088692308 | AC22: =ATAN2(Z22,AB22) -> 0.25265106 | AD22: =$E$11-AC22 -> 0.5327471 | AE22: =Z22*COS(AD22)-AB22*SIN(AD22) -> 0.2508881 | AF22: =AE22 -> 0.2508881 | AG22: =Z22*SIN(AD22)+AB22*COS(AD22) -> 0.2508881 | AH22: =N22-P22 -> 0.040783805 | AI22: =O22-Q22 -> 0.036721127 | AJ22: =AH22*$E$17 -> 0.024382089 | AK22: =AI22*$E$18 -> 0.021825538 | AL22: =AE22 -> 0.2508881 | AM22: =AF22+AJ22 -> 0.27527019 | AN22: =AG22+AK22 -> 0.27271363 | AO22: =M22/AL22 -> 1.8268437 | AP22: =AL22*$AO22 -> 0.45833333 | AQ22: =AM22*$AO22 -> 0.5028756 | AR22: =AN22*$AO22 -> 0.49820518 | AS22: =IF(AP22<0,0,IF(AP22>1,1,AP22)) -> 0.45833333 | AT22: =IF(AQ22<0,0,IF(AQ22>1,1,AQ22)) -> 0.5028756 | AU22: =IF(AR22<0,0,IF(AR22>1,1,AR22)) -> 0.49820518
C23: 0 | D23: centroid3 | E23: =AVERAGE(AN$2:AN$594) -> 0.25391616 | F23: 1330 | G23: 27 | H23: 29 | I23: 69 | J23: 66 | K23: 21 | L23: 43 | M23: =G23/(G23+H23) -> 0.48214286 | N23: =I23/(I23+J23) -> 0.51111111 | O23: =K23/(K23+L23) -> 0.328125 | P23: =$E$3+$E$4*M23+$E$5*M23*M23 -> 0.56861158 | Q23: =$E$7+$E$8*M23+$E$9*M23*M23 -> 0.2729294 | R23: =M23 -> 0.48214286 | S23: =N23 -> 0.51111111 | T23: =O23 -> 0.328125 | U23: =R23 -> 0.48214286 | V23: =S23-$E$3 -> 0.069111111 | W23: =T23-$E$7 -> 0.109125 | X23: =ATAN2(U23,V23) -> 0.14237175 | Y23: =$E$11-X23 -> 0.64302641 | Z23: =U23*COS(Y23)-V23*SIN(Y23) -> 0.34441115 | AA23: =U23*SIN(Y23)+V23*COS(Y23) -> 0.34441115 | AB23: =W23 -> 0.109125 | AC23: =ATAN2(Z23,AB23) -> 0.30683852 | AD23: =$E$11-AC23 -> 0.47855964 | AE23: =Z23*COS(AD23)-AB23*SIN(AD23) -> 0.25546752 | AF23: =AE23 -> 0.25546752 | AG23: =Z23*SIN(AD23)+AB23*COS(AD23) -> 0.25546752 | AH23: =N23-P23 -> -0.057500464 | AI23: =O23-Q23 -> 0.055195599 | AJ23: =AH23*$E$17 -> -0.034375936 | AK23: =AI23*$E$18 -> 0.032806009 | AL23: =AE23 -> 0.25546752 | AM23: =AF23+AJ23 -> 0.22109158 | AN23: =AG23+AK23 -> 0.28827353 | AO23: =M23/AL23 -> 1.8872961 | AP23: =AL23*$AO23 -> 0.48214286 | AQ23: =AM23*$AO23 -> 0.41726529 | AR23: =AN23*$AO23 -> 0.54405751 | AS23: =IF(AP23<0,0,IF(AP23>1,1,AP23)) -> 0.48214286 | AT23: =IF(AQ23<0,0,IF(AQ23>1,1,AQ23)) -> 0.41726529 | AU23: =IF(AR23<0,0,IF(AR23>1,1,AR23)) -> 0.54405751
C24: 0 | F24: 1331 | G24: 11 | H24: 24 | I24: 27 | J24: 31 | K24: 11 | L24: 44 | M24: =G24/(G24+H24) -> 0.31428571 | N24: =I24/(I24+J24) -> 0.46551724 | O24: =K24/(K24+L24) -> 0.2 | P24: =$E$3+$E$4*M24+$E$5*M24*M24 -> 0.52468498 | Q24: =$E$7+$E$8*M24+$E$9*M24*M24 -> 0.25756196 | R24: =M24 -> 0.31428571 | S24: =N24 -> 0.46551724 | T24: =O24 -> 0.2 | U24: =R24 -> 0.31428571 | V24: =S24-$E$3 -> 0.023517241 | W24: =T24-$E$7 -> -0.019 | X24: =ATAN2(U24,V24) -> 0.074688396 | Y24: =$E$11-X24 -> 0.71070977 | Z24: =U24*COS(Y24)-V24*SIN(Y24) -> 0.22285485 | AA24: =U24*SIN(Y24)+V24*COS(Y24) -> 0.22285485 | AB24: =W24 -> -0.019 | AC24: =ATAN2(Z24,AB24) -> -0.08505161 | AD24: =$E$11-AC24 -> 0.87044977 | AE24: =Z24*COS(AD24)-AB24*SIN(AD24) -> 0.15815386 | AF24: =AE24 -> 0.15815386 | AG24: =Z24*SIN(AD24)+AB24*COS(AD24) -> 0.15815386 | AH24: =N24-P24 -> -0.059167738 | AI24: =O24-Q24 -> -0.057561959 | AJ24: =AH24*$E$17 -> -0.035372695 | AK24: =AI24*$E$18 -> -0.034212477 | AL24: =AE24 -> 0.15815386 | AM24: =AF24+AJ24 -> 0.12278116 | AN24: =AG24+AK24 -> 0.12394138 | AO24: =M24/AL24 -> 1.987215 | AP24: =AL24*$AO24 -> 0.31428571 | AQ24: =AM24*$AO24 -> 0.24399256 | AR24: =AN24*$AO24 -> 0.24629817 | AS24: =IF(AP24<0,0,IF(AP24>1,1,AP24)) -> 0.31428571 | AT24: =IF(AQ24<0,0,IF(AQ24>1,1,AQ24)) -> 0.24399256 | AU24: =IF(AR24<0,0,IF(AR24>1,1,AR24)) -> 0.24629817
C25: 0 | D25: Authentic Cent | E25: =AVERAGE(M2:M594) -> 0.46604027 | F25: 1333 | G25: 19 | H25: 17 | I25: 50 | J25: 37 | K25: 11 | L25: 39 | M25: =G25/(G25+H25) -> 0.52777778 | N25: =I25/(I25+J25) -> 0.57471264 | O25: =K25/(K25+L25) -> 0.22 | P25: =$E$3+$E$4*M25+$E$5*M25*M25 -> 0.58052554 | Q25: =$E$7+$E$8*M25+$E$9*M25*M25 -> 0.27647793 | R25: =M25 -> 0.52777778 | S25: =N25 -> 0.57471264 | T25: =O25 -> 0.22 | U25: =R25 -> 0.52777778 | V25: =S25-$E$3 -> 0.13271264 | W25: =T25-$E$7 -> 0.001 | X25: =ATAN2(U25,V25) -> 0.24634811 | Y25: =$E$11-X25 -> 0.53905005 | Z25: =U25*COS(Y25)-V25*SIN(Y25) -> 0.38481296 | AA25: =U25*SIN(Y25)+V25*COS(Y25) -> 0.38481296 | AB25: =W25 -> 0.001 | AC25: =ATAN2(Z25,AB25) -> 0.0025986592 | AD25: =$E$11-AC25 -> 0.7827995 | AE25: =Z25*COS(AD25)-AB25*SIN(AD25) -> 0.27210477 | AF25: =AE25 -> 0.27210477 | AG25: =Z25*SIN(AD25)+AB25*COS(AD25) -> 0.27210477 | AH25: =N25-P25 -> -0.0058128964 | AI25: =O25-Q25 -> -0.056477932 | AJ25: =AH25*$E$17 -> -0.0034751677 | AK25: =AI25*$E$18 -> -0.033568175 | AL25: =AE25 -> 0.27210477 | AM25: =AF25+AJ25 -> 0.2686296 | AN25: =AG25+AK25 -> 0.2385366 | AO25: =M25/AL25 -> 1.9396124 | AP25: =AL25*$AO25 -> 0.52777778 | AQ25: =AM25*$AO25 -> 0.5210373 | AR25: =AN25*$AO25 -> 0.46266853 | AS25: =IF(AP25<0,0,IF(AP25>1,1,AP25)) -> 0.52777778 | AT25: =IF(AQ25<0,0,IF(AQ25>1,1,AQ25)) -> 0.5210373 | AU25: =IF(AR25<0,0,IF(AR25>1,1,AR25)) -> 0.46266853
C26: 0 | F26: 1334 | G26: 17 | H26: 18 | I26: 52 | J26: 29 | K26: 14 | L26: 39 | M26: =G26/(G26+H26) -> 0.48571429 | N26: =I26/(I26+J26) -> 0.64197531 | O26: =K26/(K26+L26) -> 0.26415094 | P26: =$E$3+$E$4*M26+$E$5*M26*M26 -> 0.56954441 | Q26: =$E$7+$E$8*M26+$E$9*M26*M26 -> 0.27321682 | R26: =M26 -> 0.48571429 | S26: =N26 -> 0.64197531 | T26: =O26 -> 0.26415094 | U26: =R26 -> 0.48571429 | V26: =S26-$E$3 -> 0.19997531 | W26: =T26-$E$7 -> 0.045150943 | X26: =ATAN2(U26,V26) -> 0.39056358 | Y26: =$E$11-X26 -> 0.39483459 | Z26: =U26*COS(Y26)-V26*SIN(Y26) -> 0.37142192 | AA26: =U26*SIN(Y26)+V26*COS(Y26) -> 0.37142192 | AB26: =W26 -> 0.045150943 | AC26: =ATAN2(Z26,AB26) -> 0.12096887 | AD26: =$E$11-AC26 -> 0.66442929 | AE26: =Z26*COS(AD26)-AB26*SIN(AD26) -> 0.26456838 | AF26: =AE26 -> 0.26456838 | AG26: =Z26*SIN(AD26)+AB26*COS(AD26) -> 0.26456838 | AH26: =N26-P26 -> 0.0724309 | AI26: =O26-Q26 -> -0.0090658729 | AJ26: =AH26*$E$17 -> 0.043301911 | AK26: =AI26*$E$18 -> -0.0053883845 | AL26: =AE26 -> 0.26456838 | AM26: =AF26+AJ26 -> 0.30787029 | AN26: =AG26+AK26 -> 0.25917999 | AO26: =M26/AL26 -> 1.8358743 | AP26: =AL26*$AO26 -> 0.48571429 | AQ26: =AM26*$AO26 -> 0.56521115 | AR26: =AN26*$AO26 -> 0.47582189 | AS26: =IF(AP26<0,0,IF(AP26>1,1,AP26)) -> 0.48571429 | AT26: =IF(AQ26<0,0,IF(AQ26>1,1,AQ26)) -> 0.56521115 | AU26: =IF(AR26<0,0,IF(AR26>1,1,AR26)) -> 0.47582189
C27: 0 | F27: 1335 | G27: 11 | H27: 27 | I27: 57 | J27: 34 | K27: 12 | L27: 59 | M27: =G27/(G27+H27) -> 0.28947368 | N27: =I27/(I27+J27) -> 0.62637363 | O27: =K27/(K27+L27) -> 0.16901408 | P27: =$E$3+$E$4*M27+$E$5*M27*M27 -> 0.51817805 | Q27: =$E$7+$E$8*M27+$E$9*M27*M27 -> 0.25498158 | R27: =M27 -> 0.28947368 | S27: =N27 -> 0.62637363 | T27: =O27 -> 0.16901408 | U27: =R27 -> 0.28947368 | V27: =S27-$E$3 -> 0.18437363 | W27: =T27-$E$7 -> -0.049985915 | X27: =ATAN2(U27,V27) -> 0.56713015 | Y27: =$E$11-X27 -> 0.21826801 | Z27: =U27*COS(Y27)-V27*SIN(Y27) -> 0.24268153 | AA27: =U27*SIN(Y27)+V27*COS(Y27) -> 0.24268153 | AB27: =W27 -> -0.049985915 | AC27: =ATAN2(Z27,AB27) -> -0.20313247 | AD27: =$E$11-AC27 -> 0.98853063 | AE27: =Z27*COS(AD27)-AB27*SIN(AD27) -> 0.17520405 | AF27: =AE27 -> 0.17520405 | AG27: =Z27*SIN(AD27)+AB27*COS(AD27) -> 0.17520405 | AH27: =N27-P27 -> 0.10819558 | AI27: =O27-Q27 -> -0.085967494 | AJ27: =AH27*$E$17 -> 0.064683379 | AK27: =AI27*$E$18 -> -0.051095566 | AL27: =AE27 -> 0.17520405 | AM27: =AF27+AJ27 -> 0.23988743 | AN27: =AG27+AK27 -> 0.12410848 | AO27: =M27/AL27 -> 1.6522089 | AP27: =AL27*$AO27 -> 0.28947368 | AQ27: =AM27*$AO27 -> 0.39634414 | AR27: =AN27*$AO27 -> 0.20505313 | AS27: =IF(AP27<0,0,IF(AP27>1,1,AP27)) -> 0.28947368 | AT27: =IF(AQ27<0,0,IF(AQ27>1,1,AQ27)) -> 0.39634414 | AU27: =IF(AR27<0,0,IF(AR27>1,1,AR27)) -> 0.20505313
C28: 0 | D28: d2 | E28: =E22-E21 -> -0.0029854845 | F28: 1336 | G28: 17 | H28: 7 | I28: 26 | J28: 10 | K28: 7 | L28: 44 | M28: =G28/(G28+H28) -> 0.70833333 | N28: =I28/(I28+J28) -> 0.72222222 | O28: =K28/(K28+L28) -> 0.1372549 | P28: =$E$3+$E$4*M28+$E$5*M28*M28 -> 0.62754497 | Q28: =$E$7+$E$8*M28+$E$9*M28*M28 -> 0.28787951 | R28: =M28 -> 0.70833333 | S28: =N28 -> 0.72222222 | T28: =O28 -> 0.1372549 | U28: =R28 -> 0.70833333 | V28: =S28-$E$3 -> 0.28022222 | W28: =T28-$E$7 -> -0.081745098 | X28: =ATAN2(U28,V28) -> 0.37671431 | Y28: =$E$11-X28 -> 0.40868385 | Z28: =U28*COS(Y28)-V28*SIN(Y28) -> 0.53863745 | AA28: =U28*SIN(Y28)+V28*COS(Y28) -> 0.53863745 | AB28: =W28 -> -0.081745098 | AC28: =ATAN2(Z28,AB28) -> -0.15061346 | AD28: =$E$11-AC28 -> 0.93601162 | AE28: =Z28*COS(AD28)-AB28*SIN(AD28) -> 0.38523536 | AF28: =AE28 -> 0.38523536 | AG28: =Z28*SIN(AD28)+AB28*COS(AD28) -> 0.38523536 | AH28: =N28-P28 -> 0.094677257 | AI28: =O28-Q28 -> -0.15062461 | AJ28: =AH28*$E$17 -> 0.056601618 | AK28: =AI28*$E$18 -> -0.089525115 | AL28: =AE28 -> 0.38523536 | AM28: =AF28+AJ28 -> 0.44183698 | AN28: =AG28+AK28 -> 0.29571024 | AO28: =M28/AL28 -> 1.8387028 | AP28: =AL28*$AO28 -> 0.70833333 | AQ28: =AM28*$AO28 -> 0.81240689 | AR28: =AN28*$AO28 -> 0.54372325 | AS28: =IF(AP28<0,0,IF(AP28>1,1,AP28)) -> 0.70833333 | AT28: =IF(AQ28<0,0,IF(AQ28>1,1,AQ28)) -> 0.81240689 | AU28: =IF(AR28<0,0,IF(AR28>1,1,AR28)) -> 0.54372325
C29: 0 | D29: d3 | E29: =E23-E21 -> -1.1415937e-05 | F29: 1341 | G29: 24 | H29: 28 | I29: 66 | J29: 60 | K29: 17 | L29: 70 | M29: =G29/(G29+H29) -> 0.46153846 | N29: =I29/(I29+J29) -> 0.52380952 | O29: =K29/(K29+L29) -> 0.1954023 | P29: =$E$3+$E$4*M29+$E$5*M29*M29 -> 0.5632284 | Q29: =$E$7+$E$8*M29+$E$9*M29*M29 -> 0.27123905 | R29: =M29 -> 0.46153846 | S29: =N29 -> 0.52380952 | T29: =O29 -> 0.1954023 | U29: =R29 -> 0.46153846 | V29: =S29-$E$3 -> 0.081809524 | W29: =T29-$E$7 -> -0.023597701 | X29: =ATAN2(U29,V29) -> 0.17543182 | Y29: =$E$11-X29 -> 0.60996635 | Z29: =U29*COS(Y29)-V29*SIN(Y29) -> 0.33144423 | AA29: =U29*SIN(Y29)+V29*COS(Y29) -> 0.33144423 | AB29: =W29 -> -0.023597701 | AC29: =ATAN2(Z29,AB29) -> -0.071076665 | AD29: =$E$11-AC29 -> 0.85647483 | AE29: =Z29*COS(AD29)-AB29*SIN(AD29) -> 0.23495971 | AF29: =AE29 -> 0.23495971 | AG29: =Z29*SIN(AD29)+AB29*COS(AD29) -> 0.23495971 | AH29: =N29-P29 -> -0.039418879 | AI29: =O29-Q29 -> -0.075836754 | AJ29: =AH29*$E$17 -> -0.023566085 | AK29: =AI29*$E$18 -> -0.045074268 | AL29: =AE29 -> 0.23495971 | AM29: =AF29+AJ29 -> 0.21139362 | AN29: =AG29+AK29 -> 0.18988544 | AO29: =M29/AL29 -> 1.9643303 | AP29: =AL29*$AO29 -> 0.46153846 | AQ29: =AM29*$AO29 -> 0.41524689 | AR29: =AN29*$AO29 -> 0.37299771 | AS29: =IF(AP29<0,0,IF(AP29>1,1,AP29)) -> 0.46153846 | AT29: =IF(AQ29<0,0,IF(AQ29>1,1,AQ29)) -> 0.41524689 | AU29: =IF(AR29<0,0,IF(AR29>1,1,AR29)) -> 0.37299771
C30: 0 | F30: 1343 | G30: 11 | H30: 8 | I30: 30 | J30: 21 | K30: 14 | L30: 38 | M30: =G30/(G30+H30) -> 0.57894737 | N30: =I30/(I30+J30) -> 0.58823529 | O30: =K30/(K30+L30) -> 0.26923077 | P30: =$E$3+$E$4*M30+$E$5*M30*M30 -> 0.59387008 | Q30: =$E$7+$E$8*M30+$E$9*M30*M30 -> 0.28013684 | R30: =M30 -> 0.57894737 | S30: =N30 -> 0.58823529 | T30: =O30 -> 0.26923077 | U30: =R30 -> 0.57894737 | V30: =S30-$E$3 -> 0.14623529 | W30: =T30-$E$7 -> 0.050230769 | X30: =ATAN2(U30,V30) -> 0.24741316 | Y30: =$E$11-X30 -> 0.537985 | Z30: =U30*COS(Y30)-V30*SIN(Y30) -> 0.42223502 | AA30: =U30*SIN(Y30)+V30*COS(Y30) -> 0.42223502 | AB30: =W30 -> 0.050230769 | AC30: =ATAN2(Z30,AB30) -> 0.11840751 | AD30: =$E$11-AC30 -> 0.66699065 | AE30: =Z30*COS(AD30)-AB30*SIN(AD30) -> 0.30067053 | AF30: =AE30 -> 0.30067053 | AG30: =Z30*SIN(AD30)+AB30*COS(AD30) -> 0.30067053 | AH30: =N30-P30 -> -0.005634789 | AI30: =O30-Q30 -> -0.010906073 | AJ30: =AH30*$E$17 -> -0.0033686884 | AK30: =AI30*$E$18 -> -0.0064821241 | AL30: =AE30 -> 0.30067053 | AM30: =AF30+AJ30 -> 0.29730184 | AN30: =AG30+AK30 -> 0.29418841 | AO30: =M30/AL30 -> 1.9255208 | AP30: =AL30*$AO30 -> 0.57894737 | AQ30: =AM30*$AO30 -> 0.57246089 | AR30: =AN30*$AO30 -> 0.5664659 | AS30: =IF(AP30<0,0,IF(AP30>1,1,AP30)) -> 0.57894737 | AT30: =IF(AQ30<0,0,IF(AQ30>1,1,AQ30)) -> 0.57246089 | AU30: =IF(AR30<0,0,IF(AR30>1,1,AR30)) -> 0.5664659
C31: 0 | D31: AuthCent | E31: =E25 -> 0.46604027 | F31: 1344 | G31: 22 | H31: 13 | I31: 49 | J31: 30 | K31: 8 | L31: 38 | M31: =G31/(G31+H31) -> 0.62857143 | N31: =I31/(I31+J31) -> 0.62025316 | O31: =K31/(K31+L31) -> 0.17391304 | P31: =$E$3+$E$4*M31+$E$5*M31*M31 -> 0.60679706 | Q31: =$E$7+$E$8*M31+$E$9*M31*M31 -> 0.28336212 | R31: =M31 -> 0.62857143 | S31: =N31 -> 0.62025316 | T31: =O31 -> 0.17391304 | U31: =R31 -> 0.62857143 | V31: =S31-$E$3 -> 0.17825316 | W31: =T31-$E$7 -> -0.045086957 | X31: =ATAN2(U31,V31) -> 0.27632958 | Y31: =$E$11-X31 -> 0.50906858 | Z31: =U31*COS(Y31)-V31*SIN(Y31) -> 0.46199363 | AA31: =U31*SIN(Y31)+V31*COS(Y31) -> 0.46199363 | AB31: =W31 -> -0.045086957 | AC31: =ATAN2(Z31,AB31) -> -0.097284089 | AD31: =$E$11-AC31 -> 0.88268225 | AE31: =Z31*COS(AD31)-AB31*SIN(AD31) -> 0.32823083 | AF31: =AE31 -> 0.32823083 | AG31: =Z31*SIN(AD31)+AB31*COS(AD31) -> 0.32823083 | AH31: =N31-P31 -> 0.013456103 | AI31: =O31-Q31 -> -0.10944908 | AJ31: =AH31*$E$17 -> 0.0080445637 | AK31: =AI31*$E$18 -> -0.065052061 | AL31: =AE31 -> 0.32823083 | AM31: =AF31+AJ31 -> 0.33627539 | AN31: =AG31+AK31 -> 0.26317876 | AO31: =M31/AL31 -> 1.9150286 | AP31: =AL31*$AO31 -> 0.62857143 | AQ31: =AM31*$AO31 -> 0.643977 | AR31: =AN31*$AO31 -> 0.50399487 | AS31: =IF(AP31<0,0,IF(AP31>1,1,AP31)) -> 0.62857143 | AT31: =IF(AQ31<0,0,IF(AQ31>1,1,AQ31)) -> 0.643977 | AU31: =IF(AR31<0,0,IF(AR31>1,1,AR31)) -> 0.50399487
C32: 0 | D32: Auth+d2 | E32: =E25+E28 -> 0.46305478 | F32: 1346 | G32: 34 | H32: 52 | I32: 147 | J32: 65 | K32: 29 | L32: 96 | M32: =G32/(G32+H32) -> 0.39534884 | N32: =I32/(I32+J32) -> 0.69339623 | O32: =K32/(K32+L32) -> 0.232 | P32: =$E$3+$E$4*M32+$E$5*M32*M32 -> 0.54591882 | Q32: =$E$7+$E$8*M32+$E$9*M32*M32 -> 0.26543786 | R32: =M32 -> 0.39534884 | S32: =N32 -> 0.69339623 | T32: =O32 -> 0.232 | U32: =R32 -> 0.39534884 | V32: =S32-$E$3 -> 0.25139623 | W32: =T32-$E$7 -> 0.013 | X32: =ATAN2(U32,V32) -> 0.56638816 | Y32: =$E$11-X32 -> 0.21901 | Z32: =U32*COS(Y32)-V32*SIN(Y32) -> 0.33128595 | AA32: =U32*SIN(Y32)+V32*COS(Y32) -> 0.33128595 | AB32: =W32 -> 0.013 | AC32: =ATAN2(Z32,AB32) -> 0.039220901 | AD32: =$E$11-AC32 -> 0.74617726 | AE32: =Z32*COS(AD32)-AB32*SIN(AD32) -> 0.23443483 | AF32: =AE32 -> 0.23443483 | AG32: =Z32*SIN(AD32)+AB32*COS(AD32) -> 0.23443483 | AH32: =N32-P32 -> 0.14747741 | AI32: =O32-Q32 -> -0.033437858 | AJ32: =AH32*$E$17 -> 0.088167529 | AK32: =AI32*$E$18 -> -0.019874097 | AL32: =AE32 -> 0.23443483 | AM32: =AF32+AJ32 -> 0.32260236 | AN32: =AG32+AK32 -> 0.21456074 | AO32: =M32/AL32 -> 1.6863912 | AP32: =AL32*$AO32 -> 0.39534884 | AQ32: =AM32*$AO32 -> 0.54403378 | AR32: =AN32*$AO32 -> 0.36183334 | AS32: =IF(AP32<0,0,IF(AP32>1,1,AP32)) -> 0.39534884 | AT32: =IF(AQ32<0,0,IF(AQ32>1,1,AQ32)) -> 0.54403378 | AU32: =IF(AR32<0,0,IF(AR32>1,1,AR32)) -> 0.36183334
C33: 0 | D33: Auth+d3 | E33: =E25+E29 -> 0.46602885 | F33: 1348 | G33: 11 | H33: 20 | I33: 34 | J33: 24 | K33: 8 | L33: 41 | M33: =G33/(G33+H33) -> 0.35483871 | N33: =I33/(I33+J33) -> 0.5862069 | O33: =K33/(K33+L33) -> 0.16326531 | P33: =$E$3+$E$4*M33+$E$5*M33*M33 -> 0.53531228 | Q33: =$E$7+$E$8*M33+$E$9*M33*M33 -> 0.26160812 | R33: =M33 -> 0.35483871 | S33: =N33 -> 0.5862069 | T33: =O33 -> 0.16326531 | U33: =R33 -> 0.35483871 | V33: =S33-$E$3 -> 0.1442069 | W33: =T33-$E$7 -> -0.055734694 | X33: =ATAN2(U33,V33) -> 0.38601249 | Y33: =$E$11-X33 -> 0.39938567 | Z33: =U33*COS(Y33)-V33*SIN(Y33) -> 0.27083772 | AA33: =U33*SIN(Y33)+V33*COS(Y33) -> 0.27083772 | AB33: =W33 -> -0.055734694 | AC33: =ATAN2(Z33,AB33) -> -0.20295308 | AD33: =$E$11-AC33 -> 0.98835124 | AE33: =Z33*COS(AD33)-AB33*SIN(AD33) -> 0.1955242 | AF33: =AE33 -> 0.1955242 | AG33: =Z33*SIN(AD33)+AB33*COS(AD33) -> 0.1955242 | AH33: =N33-P33 -> 0.050894618 | AI33: =O33-Q33 -> -0.09834281 | AJ33: =AH33*$E$17 -> 0.030426713 | AK33: =AI33*$E$18 -> -0.058450948 | AL33: =AE33 -> 0.1955242 | AM33: =AF33+AJ33 -> 0.22595091 | AN33: =AG33+AK33 -> 0.13707325 | AO33: =M33/AL33 -> 1.8148071 | AP33: =AL33*$AO33 -> 0.35483871 | AQ33: =AM33*$AO33 -> 0.41005733 | AR33: =AN33*$AO33 -> 0.24876151 | AS33: =IF(AP33<0,0,IF(AP33>1,1,AP33)) -> 0.35483871 | AT33: =IF(AQ33<0,0,IF(AQ33>1,1,AQ33)) -> 0.41005733 | AU33: =IF(AR33<0,0,IF(AR33>1,1,AR33)) -> 0.24876151
C34: 0 | F34: 1349 | G34: 11 | H34: 13 | I34: 21 | J34: 29 | K34: 15 | L34: 38 | M34: =G34/(G34+H34) -> 0.45833333 | N34: =I34/(I34+J34) -> 0.42 | O34: =K34/(K34+L34) -> 0.28301887 | P34: =$E$3+$E$4*M34+$E$5*M34*M34 -> 0.5623908 | Q34: =$E$7+$E$8*M34+$E$9*M34*M34 -> 0.27097118 | R34: =M34 -> 0.45833333 | S34: =N34 -> 0.42 | T34: =O34 -> 0.28301887 | U34: =R34 -> 0.45833333 | V34: =S34-$E$3 -> -0.022 | W34: =T34-$E$7 -> 0.064018868 | X34: =ATAN2(U34,V34) -> -0.047963187 | Y34: =$E$11-X34 -> 0.83336135 | Z34: =U34*COS(Y34)-V34*SIN(Y34) -> 0.32446375 | AA34: =U34*SIN(Y34)+V34*COS(Y34) -> 0.32446375 | AB34: =W34 -> 0.064018868 | AC34: =ATAN2(Z34,AB34) -> 0.1948045 | AD34: =$E$11-AC34 -> 0.59059366 | AE34: =Z34*COS(AD34)-AB34*SIN(AD34) -> 0.23385373 | AF34: =AE34 -> 0.23385373 | AG34: =Z34*SIN(AD34)+AB34*COS(AD34) -> 0.23385373 | AH34: =N34-P34 -> -0.1423908 | AI34: =O34-Q34 -> 0.012047687 | AJ34: =AH34*$E$17 -> -0.085126565 | AK34: =AI34*$E$18 -> 0.0071606531 | AL34: =AE34 -> 0.23385373 | AM34: =AF34+AJ34 -> 0.14872717 | AN34: =AG34+AK34 -> 0.24101439 | AO34: =M34/AL34 -> 1.9599145 | AP34: =AL34*$AO34 -> 0.45833333 | AQ34: =AM34*$AO34 -> 0.29149254 | AR34: =AN34*$AO34 -> 0.4723676 | AS34: =IF(AP34<0,0,IF(AP34>1,1,AP34)) -> 0.45833333 | AT34: =IF(AQ34<0,0,IF(AQ34>1,1,AQ34)) -> 0.29149254 | AU34: =IF(AR34<0,0,IF(AR34>1,1,AR34)) -> 0.4723676
C35: 0 | D35: z1 | E35: =E31-E21 -> 0.21211269 | F35: 1351 | G35: 17 | H35: 20 | I35: 57 | J35: 51 | K35: 25 | L35: 62 | M35: =G35/(G35+H35) -> 0.45945946 | N35: =I35/(I35+J35) -> 0.52777778 | O35: =K35/(K35+L35) -> 0.28735632 | P35: =$E$3+$E$4*M35+$E$5*M35*M35 -> 0.5626851 | Q35: =$E$7+$E$8*M35+$E$9*M35*M35 -> 0.27106545 | R35: =M35 -> 0.45945946 | S35: =N35 -> 0.52777778 | T35: =O35 -> 0.28735632 | U35: =R35 -> 0.45945946 | V35: =S35-$E$3 -> 0.085777778 | W35: =T35-$E$7 -> 0.068356322 | X35: =ATAN2(U35,V35) -> 0.18456806 | Y35: =$E$11-X35 -> 0.6008301 | Z35: =U35*COS(Y35)-V35*SIN(Y35) -> 0.33050024 | AA35: =U35*SIN(Y35)+V35*COS(Y35) -> 0.33050024 | AB35: =W35 -> 0.068356322 | AC35: =ATAN2(Z35,AB35) -> 0.20395113 | AD35: =$E$11-AC35 -> 0.58144703 | AE35: =Z35*COS(AD35)-AB35*SIN(AD35) -> 0.23864513 | AF35: =AE35 -> 0.23864513 | AG35: =Z35*SIN(AD35)+AB35*COS(AD35) -> 0.23864513 | AH35: =N35-P35 -> -0.034907321 | AI35: =O35-Q35 -> 0.016290873 | AJ35: =AH35*$E$17 -> -0.020868907 | AK35: =AI35*$E$18 -> 0.0096826291 | AL35: =AE35 -> 0.23864513 | AM35: =AF35+AJ35 -> 0.21777622 | AN35: =AG35+AK35 -> 0.24832776 | AO35: =M35/AL35 -> 1.9252832 | AP35: =AL35*$AO35 -> 0.45945946 | AQ35: =AM35*$AO35 -> 0.4192809 | AR35: =AN35*$AO35 -> 0.47810126 | AS35: =IF(AP35<0,0,IF(AP35>1,1,AP35)) -> 0.45945946 | AT35: =IF(AQ35<0,0,IF(AQ35>1,1,AQ35)) -> 0.4192809 | AU35: =IF(AR35<0,0,IF(AR35>1,1,AR35)) -> 0.47810126
C36: 0 | D36: z2 | E36: =E32-E22 -> 0.21211269 | F36: 1352 | G36: 9 | H36: 14 | I36: 26 | J36: 28 | K36: 8 | L36: 46 | M36: =G36/(G36+H36) -> 0.39130435 | N36: =I36/(I36+J36) -> 0.48148148 | O36: =K36/(K36+L36) -> 0.14814815 | P36: =$E$3+$E$4*M36+$E$5*M36*M36 -> 0.5448603 | Q36: =$E$7+$E$8*M36+$E$9*M36*M36 -> 0.26506503 | R36: =M36 -> 0.39130435 | S36: =N36 -> 0.48148148 | T36: =O36 -> 0.14814815 | U36: =R36 -> 0.39130435 | V36: =S36-$E$3 -> 0.039481481 | W36: =T36-$E$7 -> -0.070851852 | X36: =ATAN2(U36,V36) -> 0.10055681 | Y36: =$E$11-X36 -> 0.68484135 | Z36: =U36*COS(Y36)-V36*SIN(Y36) -> 0.2780988 | AA36: =U36*SIN(Y36)+V36*COS(Y36) -> 0.2780988 | AB36: =W36 -> -0.070851852 | AC36: =ATAN2(Z36,AB36) -> -0.24946511 | AD36: =$E$11-AC36 -> 1.0348633 | AE36: =Z36*COS(AD36)-AB36*SIN(AD36) -> 0.20292723 | AF36: =AE36 -> 0.20292723 | AG36: =Z36*SIN(AD36)+AB36*COS(AD36) -> 0.20292723 | AH36: =N36-P36 -> -0.063378821 | AI36: =O36-Q36 -> -0.11691688 | AJ36: =AH36*$E$17 -> -0.037890238 | AK36: =AI36*$E$18 -> -0.069490617 | AL36: =AE36 -> 0.20292723 | AM36: =AF36+AJ36 -> 0.165037 | AN36: =AG36+AK36 -> 0.13343662 | AO36: =M36/AL36 -> 1.9282988 | AP36: =AL36*$AO36 -> 0.39130435 | AQ36: =AM36*$AO36 -> 0.31824065 | AR36: =AN36*$AO36 -> 0.25730567 | AS36: =IF(AP36<0,0,IF(AP36>1,1,AP36)) -> 0.39130435 | AT36: =IF(AQ36<0,0,IF(AQ36>1,1,AQ36)) -> 0.31824065 | AU36: =IF(AR36<0,0,IF(AR36>1,1,AR36)) -> 0.25730567
C37: 0 | D37: z3 | E37: =E33-E23 -> 0.21211269 | F37: 1353 | G37: 14 | H37: 14 | I37: 28 | J37: 31 | K37: 19 | L37: 47 | M37: =G37/(G37+H37) -> 0.5 | N37: =I37/(I37+J37) -> 0.47457627 | O37: =K37/(K37+L37) -> 0.28787879 | P37: =$E$3+$E$4*M37+$E$5*M37*M37 -> 0.573275 | Q37: =$E$7+$E$8*M37+$E$9*M37*M37 -> 0.27435 | R37: =M37 -> 0.5 | S37: =N37 -> 0.47457627 | T37: =O37 -> 0.28787879 | U37: =R37 -> 0.5 | V37: =S37-$E$3 -> 0.032576271 | W37: =T37-$E$7 -> 0.068878788 | X37: =ATAN2(U37,V37) -> 0.065060589 | Y37: =$E$11-X37 -> 0.72033757 | Z37: =U37*COS(Y37)-V37*SIN(Y37) -> 0.35430299 | AA37: =U37*SIN(Y37)+V37*COS(Y37) -> 0.35430299 | AB37: =W37 -> 0.068878788 | AC37: =ATAN2(Z37,AB37) -> 0.19201141 | AD37: =$E$11-AC37 -> 0.59338675 | AE37: =Z37*COS(AD37)-AB37*SIN(AD37) -> 0.25522039 | AF37: =AE37 -> 0.25522039 | AG37: =Z37*SIN(AD37)+AB37*COS(AD37) -> 0.25522039 | AH37: =N37-P37 -> -0.098698729 | AI37: =O37-Q37 -> 0.013528788 | AJ37: =AH37*$E$17 -> -0.059005805 | AK37: =AI37*$E$18 -> 0.0080409588 | AL37: =AE37 -> 0.25522039 | AM37: =AF37+AJ37 -> 0.19621458 | AN37: =AG37+AK37 -> 0.26326135 | AO37: =M37/AL37 -> 1.9590911 | AP37: =AL37*$AO37 -> 0.5 | AQ37: =AM37*$AO37 -> 0.38440225 | AR37: =AN37*$AO37 -> 0.51575297 | AS37: =IF(AP37<0,0,IF(AP37>1,1,AP37)) -> 0.5 | AT37: =IF(AQ37<0,0,IF(AQ37>1,1,AQ37)) -> 0.38440225 | AU37: =IF(AR37<0,0,IF(AR37>1,1,AR37)) -> 0.51575297
C38: 0 | F38: 1354 | G38: 18 | H38: 28 | I38: 42 | J38: 47 | K38: 26 | L38: 89 | M38: =G38/(G38+H38) -> 0.39130435 | N38: =I38/(I38+J38) -> 0.47191011 | O38: =K38/(K38+L38) -> 0.22608696 | P38: =$E$3+$E$4*M38+$E$5*M38*M38 -> 0.5448603 | Q38: =$E$7+$E$8*M38+$E$9*M38*M38 -> 0.26506503 | R38: =M38 -> 0.39130435 | S38: =N38 -> 0.47191011 | T38: =O38 -> 0.22608696 | U38: =R38 -> 0.39130435 | V38: =S38-$E$3 -> 0.029910112 | W38: =T38-$E$7 -> 0.0070869565 | X38: =ATAN2(U38,V38) -> 0.07628861 | Y38: =$E$11-X38 -> 0.70910955 | Z38: =U38*COS(Y38)-V38*SIN(Y38) -> 0.27750109 | AA38: =U38*SIN(Y38)+V38*COS(Y38) -> 0.27750109 | AB38: =W38 -> 0.0070869565 | AC38: =ATAN2(Z38,AB38) -> 0.025532932 | AD38: =$E$11-AC38 -> 0.75986523 | AE38: =Z38*COS(AD38)-AB38*SIN(AD38) -> 0.19628688 | AF38: =AE38 -> 0.19628688 | AG38: =Z38*SIN(AD38)+AB38*COS(AD38) -> 0.19628688 | AH38: =N38-P38 -> -0.07295019 | AI38: =O38-Q38 -> -0.038978072 | AJ38: =AH38*$E$17 -> -0.043612362 | AK38: =AI38*$E$18 -> -0.023166973 | AL38: =AE38 -> 0.19628688 | AM38: =AF38+AJ38 -> 0.15267452 | AN38: =AG38+AK38 -> 0.17311991 | AO38: =M38/AL38 -> 1.9935329 | AP38: =AL38*$AO38 -> 0.39130435 | AQ38: =AM38*$AO38 -> 0.30436167 | AR38: =AN38*$AO38 -> 0.34512022 | AS38: =IF(AP38<0,0,IF(AP38>1,1,AP38)) -> 0.39130435 | AT38: =IF(AQ38<0,0,IF(AQ38>1,1,AQ38)) -> 0.30436167 | AU38: =IF(AR38<0,0,IF(AR38>1,1,AR38)) -> 0.34512022
C39: 0 | F39: 1356 | G39: 12 | H39: 13 | I39: 35 | J39: 28 | K39: 13 | L39: 42 | M39: =G39/(G39+H39) -> 0.48 | N39: =I39/(I39+J39) -> 0.55555556 | O39: =K39/(K39+L39) -> 0.23636364 | P39: =$E$3+$E$4*M39+$E$5*M39*M39 -> 0.56805184 | Q39: =$E$7+$E$8*M39+$E$9*M39*M39 -> 0.27275616 | R39: =M39 -> 0.48 | S39: =N39 -> 0.55555556 | T39: =O39 -> 0.23636364 | U39: =R39 -> 0.48 | V39: =S39-$E$3 -> 0.11355556 | W39: =T39-$E$7 -> 0.017363636 | X39: =ATAN2(U39,V39) -> 0.23230313 | Y39: =$E$11-X39 -> 0.55309503 | Z39: =U39*COS(Y39)-V39*SIN(Y39) -> 0.34877992 | AA39: =U39*SIN(Y39)+V39*COS(Y39) -> 0.34877992 | AB39: =W39 -> 0.017363636 | AC39: =ATAN2(Z39,AB39) -> 0.049742866 | AD39: =$E$11-AC39 -> 0.7356553 | AE39: =Z39*COS(AD39)-AB39*SIN(AD39) -> 0.24693008 | AF39: =AE39 -> 0.24693008 | AG39: =Z39*SIN(AD39)+AB39*COS(AD39) -> 0.24693008 | AH39: =N39-P39 -> -0.012496284 | AI39: =O39-Q39 -> -0.036392524 | AJ39: =AH39*$E$17 -> -0.007470748 | AK39: =AI39*$E$18 -> -0.021630229 | AL39: =AE39 -> 0.24693008 | AM39: =AF39+AJ39 -> 0.23945933 | AN39: =AG39+AK39 -> 0.22529985 | AO39: =M39/AL39 -> 1.9438701 | AP39: =AL39*$AO39 -> 0.48 | AQ39: =AM39*$AO39 -> 0.46547784 | AR39: =AN39*$AO39 -> 0.43795364 | AS39: =IF(AP39<0,0,IF(AP39>1,1,AP39)) -> 0.48 | AT39: =IF(AQ39<0,0,IF(AQ39>1,1,AQ39)) -> 0.46547784 | AU39: =IF(AR39<0,0,IF(AR39>1,1,AR39)) -> 0.43795364
C40: 0 | F40: 1368 | G40: 15 | H40: 20 | I40: 28 | J40: 18 | K40: 13 | L40: 52 | M40: =G40/(G40+H40) -> 0.42857143 | N40: =I40/(I40+J40) -> 0.60869565 | O40: =K40/(K40+L40) -> 0.2 | P40: =$E$3+$E$4*M40+$E$5*M40*M40 -> 0.5546102 | Q40: =$E$7+$E$8*M40+$E$9*M40*M40 -> 0.26842041 | R40: =M40 -> 0.42857143 | S40: =N40 -> 0.60869565 | T40: =O40 -> 0.2 | U40: =R40 -> 0.42857143 | V40: =S40-$E$3 -> 0.16669565 | W40: =T40-$E$7 -> -0.019 | X40: =ATAN2(U40,V40) -> 0.37095004 | Y40: =$E$11-X40 -> 0.41444813 | Z40: =U40*COS(Y40)-V40*SIN(Y40) -> 0.3251622 | AA40: =U40*SIN(Y40)+V40*COS(Y40) -> 0.3251622 | AB40: =W40 -> -0.019 | AC40: =ATAN2(Z40,AB40) -> -0.05836601 | AD40: =$E$11-AC40 -> 0.84376417 | AE40: =Z40*COS(AD40)-AB40*SIN(AD40) -> 0.23031658 | AF40: =AE40 -> 0.23031658 | AG40: =Z40*SIN(AD40)+AB40*COS(AD40) -> 0.23031658 | AH40: =N40-P40 -> 0.054085448 | AI40: =O40-Q40 -> -0.068420408 | AJ40: =AH40*$E$17 -> 0.032334311 | AK40: =AI40*$E$18 -> -0.040666295 | AL40: =AE40 -> 0.23031658 | AM40: =AF40+AJ40 -> 0.26265089 | AN40: =AG40+AK40 -> 0.18965029 | AO40: =M40/AL40 -> 1.8607928 | AP40: =AL40*$AO40 -> 0.42857143 | AQ40: =AM40*$AO40 -> 0.48873888 | AR40: =AN40*$AO40 -> 0.35289988 | AS40: =IF(AP40<0,0,IF(AP40>1,1,AP40)) -> 0.42857143 | AT40: =IF(AQ40<0,0,IF(AQ40>1,1,AQ40)) -> 0.48873888 | AU40: =IF(AR40<0,0,IF(AR40>1,1,AR40)) -> 0.35289988
C41: 0 | F41: 1389 | G41: 5 | H41: 11 | I41: 40 | J41: 31 | K41: 16 | L41: 38 | M41: =G41/(G41+H41) -> 0.3125 | N41: =I41/(I41+J41) -> 0.56338028 | O41: =K41/(K41+L41) -> 0.2962963 | P41: =$E$3+$E$4*M41+$E$5*M41*M41 -> 0.5242168 | Q41: =$E$7+$E$8*M41+$E$9*M41*M41 -> 0.25737891 | R41: =M41 -> 0.3125 | S41: =N41 -> 0.56338028 | T41: =O41 -> 0.2962963 | U41: =R41 -> 0.3125 | V41: =S41-$E$3 -> 0.12138028 | W41: =T41-$E$7 -> 0.077296296 | X41: =ATAN2(U41,V41) -> 0.37048124 | Y41: =$E$11-X41 -> 0.41491692 | Z41: =U41*COS(Y41)-V41*SIN(Y41) -> 0.23705424 | AA41: =U41*SIN(Y41)+V41*COS(Y41) -> 0.23705424 | AB41: =W41 -> 0.077296296 | AC41: =ATAN2(Z41,AB41) -> 0.31519945 | AD41: =$E$11-AC41 -> 0.47019871 | AE41: =Z41*COS(AD41)-AB41*SIN(AD41) -> 0.17630858 | AF41: =AE41 -> 0.17630858 | AG41: =Z41*SIN(AD41)+AB41*COS(AD41) -> 0.17630858 | AH41: =N41-P41 -> 0.039163485 | AI41: =O41-Q41 -> 0.03891739 | AJ41: =AH41*$E$17 -> 0.023413401 | AK41: =AI41*$E$18 -> 0.023130907 | AL41: =AE41 -> 0.17630858 | AM41: =AF41+AJ41 -> 0.19972198 | AN41: =AG41+AK41 -> 0.19943948 | AO41: =M41/AL41 -> 1.7724606 | AP41: =AL41*$AO41 -> 0.3125 | AQ41: =AM41*$AO41 -> 0.35399933 | AR41: =AN41*$AO41 -> 0.35349862 | AS41: =IF(AP41<0,0,IF(AP41>1,1,AP41)) -> 0.3125 | AT41: =IF(AQ41<0,0,IF(AQ41>1,1,AQ41)) -> 0.35399933 | AU41: =IF(AR41<0,0,IF(AR41>1,1,AR41)) -> 0.35349862
C42: 0 | F42: 1390 | G42: 31 | H42: 35 | I42: 73 | J42: 60 | K42: 27 | L42: 121 | M42: =G42/(G42+H42) -> 0.46969697 | N42: =I42/(I42+J42) -> 0.54887218 | O42: =K42/(K42+L42) -> 0.18243243 | P42: =$E$3+$E$4*M42+$E$5*M42*M42 -> 0.56536022 | Q42: =$E$7+$E$8*M42+$E$9*M42*M42 -> 0.27191492 | R42: =M42 -> 0.46969697 | S42: =N42 -> 0.54887218 | T42: =O42 -> 0.18243243 | U42: =R42 -> 0.46969697 | V42: =S42-$E$3 -> 0.10687218 | W42: =T42-$E$7 -> -0.036567568 | X42: =ATAN2(U42,V42) -> 0.22372533 | Y42: =$E$11-X42 -> 0.56167283 | Z42: =U42*COS(Y42)-V42*SIN(Y42) -> 0.34061482 | AA42: =U42*SIN(Y42)+V42*COS(Y42) -> 0.34061482 | AB42: =W42 -> -0.036567568 | AC42: =ATAN2(Z42,AB42) -> -0.10694791 | AD42: =$E$11-AC42 -> 0.89234607 | AE42: =Z42*COS(AD42)-AB42*SIN(AD42) -> 0.24223505 | AF42: =AE42 -> 0.24223505 | AG42: =Z42*SIN(AD42)+AB42*COS(AD42) -> 0.24223505 | AH42: =N42-P42 -> -0.016488035 | AI42: =O42-Q42 -> -0.08948249 | AJ42: =AH42*$E$17 -> -0.0098571665 | AK42: =AI42*$E$18 -> -0.053184736 | AL42: =AE42 -> 0.24223505 | AM42: =AF42+AJ42 -> 0.23237788 | AN42: =AG42+AK42 -> 0.18905032 | AO42: =M42/AL42 -> 1.9390132 | AP42: =AL42*$AO42 -> 0.46969697 | AQ42: =AM42*$AO42 -> 0.45058379 | AR42: =AN42*$AO42 -> 0.36657106 | AS42: =IF(AP42<0,0,IF(AP42>1,1,AP42)) -> 0.46969697 | AT42: =IF(AQ42<0,0,IF(AQ42>1,1,AQ42)) -> 0.45058379 | AU42: =IF(AR42<0,0,IF(AR42>1,1,AR42)) -> 0.36657106
C43: 0 | F43: 1394 | G43: 44 | H43: 55 | I43: 105 | J43: 92 | K43: 28 | L43: 112 | M43: =G43/(G43+H43) -> 0.44444444 | N43: =I43/(I43+J43) -> 0.53299492 | O43: =K43/(K43+L43) -> 0.2 | P43: =$E$3+$E$4*M43+$E$5*M43*M43 -> 0.55876049 | Q43: =$E$7+$E$8*M43+$E$9*M43*M43 -> 0.26979506 | R43: =M43 -> 0.44444444 | S43: =N43 -> 0.53299492 | T43: =O43 -> 0.2 | U43: =R43 -> 0.44444444 | V43: =S43-$E$3 -> 0.090994924 | W43: =T43-$E$7 -> -0.019 | X43: =ATAN2(U43,V43) -> 0.20194771 | Y43: =$E$11-X43 -> 0.58345046 | Z43: =U43*COS(Y43)-V43*SIN(Y43) -> 0.32078882 | AA43: =U43*SIN(Y43)+V43*COS(Y43) -> 0.32078882 | AB43: =W43 -> -0.019 | AC43: =ATAN2(Z43,AB43) -> -0.059159881 | AD43: =$E$11-AC43 -> 0.84455804 | AE43: =Z43*COS(AD43)-AB43*SIN(AD43) -> 0.22722948 | AF43: =AE43 -> 0.22722948 | AG43: =Z43*SIN(AD43)+AB43*COS(AD43) -> 0.22722948 | AH43: =N43-P43 -> -0.02576557 | AI43: =O43-Q43 -> -0.069795062 | AJ43: =AH43*$E$17 -> -0.015403625 | AK43: =AI43*$E$18 -> -0.041483333 | AL43: =AE43 -> 0.22722948 | AM43: =AF43+AJ43 -> 0.21182585 | AN43: =AG43+AK43 -> 0.18574614 | AO43: =M43/AL43 -> 1.9559278 | AP43: =AL43*$AO43 -> 0.44444444 | AQ43: =AM43*$AO43 -> 0.41431607 | AR43: =AN43*$AO43 -> 0.36330604 | AS43: =IF(AP43<0,0,IF(AP43>1,1,AP43)) -> 0.44444444 | AT43: =IF(AQ43<0,0,IF(AQ43>1,1,AQ43)) -> 0.41431607 | AU43: =IF(AR43<0,0,IF(AR43>1,1,AR43)) -> 0.36330604
C44: 0 | F44: 1396 | G44: 18 | H44: 22 | I44: 71 | J44: 67 | K44: 20 | L44: 104 | M44: =G44/(G44+H44) -> 0.45 | N44: =I44/(I44+J44) -> 0.51449275 | O44: =K44/(K44+L44) -> 0.16129032 | P44: =$E$3+$E$4*M44+$E$5*M44*M44 -> 0.56021275 | Q44: =$E$7+$E$8*M44+$E$9*M44*M44 -> 0.2702685 | R44: =M44 -> 0.45 | S44: =N44 -> 0.51449275 | T44: =O44 -> 0.16129032 | U44: =R44 -> 0.45 | V44: =S44-$E$3 -> 0.072492754 | W44: =T44-$E$7 -> -0.057709677 | X44: =ATAN2(U44,V44) -> 0.15972275 | Y44: =$E$11-X44 -> 0.62567541 | Z44: =U44*COS(Y44)-V44*SIN(Y44) -> 0.32230048 | AA44: =U44*SIN(Y44)+V44*COS(Y44) -> 0.32230048 | AB44: =W44 -> -0.057709677 | AC44: =ATAN2(Z44,AB44) -> -0.17717794 | AD44: =$E$11-AC44 -> 0.9625761 | AE44: =Z44*COS(AD44)-AB44*SIN(AD44) -> 0.23152538 | AF44: =AE44 -> 0.23152538 | AG44: =Z44*SIN(AD44)+AB44*COS(AD44) -> 0.23152538 | AH44: =N44-P44 -> -0.045719996 | AI44: =O44-Q44 -> -0.10897818 | AJ44: =AH44*$E$17 -> -0.02733313 | AK44: =AI44*$E$18 -> -0.064772176 | AL44: =AE44 -> 0.23152538 | AM44: =AF44+AJ44 -> 0.20419225 | AN44: =AG44+AK44 -> 0.16675321 | AO44: =M44/AL44 -> 1.9436314 | AP44: =AL44*$AO44 -> 0.45 | AQ44: =AM44*$AO44 -> 0.39687447 | AR44: =AN44*$AO44 -> 0.32410677 | AS44: =IF(AP44<0,0,IF(AP44>1,1,AP44)) -> 0.45 | AT44: =IF(AQ44<0,0,IF(AQ44>1,1,AQ44)) -> 0.39687447 | AU44: =IF(AR44<0,0,IF(AR44>1,1,AR44)) -> 0.32410677
C45: 0 | F45: 1411 | G45: 14 | H45: 31 | I45: 68 | J45: 98 | K45: 40 | L45: 92 | M45: =G45/(G45+H45) -> 0.31111111 | N45: =I45/(I45+J45) -> 0.40963855 | O45: =K45/(K45+L45) -> 0.3030303 | P45: =$E$3+$E$4*M45+$E$5*M45*M45 -> 0.52385264 | Q45: =$E$7+$E$8*M45+$E$9*M45*M45 -> 0.25723625 | R45: =M45 -> 0.31111111 | S45: =N45 -> 0.40963855 | T45: =O45 -> 0.3030303 | U45: =R45 -> 0.31111111 | V45: =S45-$E$3 -> -0.032361446 | W45: =T45-$E$7 -> 0.084030303 | X45: =ATAN2(U45,V45) -> -0.10364619 | Y45: =$E$11-X45 -> 0.88904435 | Z45: =U45*COS(Y45)-V45*SIN(Y45) -> 0.22117571 | AA45: =U45*SIN(Y45)+V45*COS(Y45) -> 0.22117571 | AB45: =W45 -> 0.084030303 | AC45: =ATAN2(Z45,AB45) -> 0.36308196 | AD45: =$E$11-AC45 -> 0.42231621 | AE45: =Z45*COS(AD45)-AB45*SIN(AD45) -> 0.1673018 | AF45: =AE45 -> 0.1673018 | AG45: =Z45*SIN(AD45)+AB45*COS(AD45) -> 0.1673018 | AH45: =N45-P45 -> -0.11421409 | AI45: =O45-Q45 -> 0.045794056 | AJ45: =AH45*$E$17 -> -0.068281469 | AK45: =AI45*$E$18 -> 0.027218116 | AL45: =AE45 -> 0.1673018 | AM45: =AF45+AJ45 -> 0.099020332 | AN45: =AG45+AK45 -> 0.19451992 | AO45: =M45/AL45 -> 1.8595802 | AP45: =AL45*$AO45 -> 0.31111111 | AQ45: =AM45*$AO45 -> 0.18413624 | AR45: =AN45*$AO45 -> 0.36172538 | AS45: =IF(AP45<0,0,IF(AP45>1,1,AP45)) -> 0.31111111 | AT45: =IF(AQ45<0,0,IF(AQ45>1,1,AQ45)) -> 0.18413624 | AU45: =IF(AR45<0,0,IF(AR45>1,1,AR45)) -> 0.36172538
C46: 0 | F46: 1510 | G46: 13 | H46: 13 | I46: 31 | J46: 21 | K46: 6 | L46: 47 | M46: =G46/(G46+H46) -> 0.5 | N46: =I46/(I46+J46) -> 0.59615385 | O46: =K46/(K46+L46) -> 0.11320755 | P46: =$E$3+$E$4*M46+$E$5*M46*M46 -> 0.573275 | Q46: =$E$7+$E$8*M46+$E$9*M46*M46 -> 0.27435 | R46: =M46 -> 0.5 | S46: =N46 -> 0.59615385 | T46: =O46 -> 0.11320755 | U46: =R46 -> 0.5 | V46: =S46-$E$3 -> 0.15415385 | W46: =T46-$E$7 -> -0.10579245 | X46: =ATAN2(U46,V46) -> 0.299061 | Y46: =$E$11-X46 -> 0.48633717 | Z46: =U46*COS(Y46)-V46*SIN(Y46) -> 0.36997527 | AA46: =U46*SIN(Y46)+V46*COS(Y46) -> 0.36997527 | AB46: =W46 -> -0.10579245 | AC46: =ATAN2(Z46,AB46) -> -0.27851263 | AD46: =$E$11-AC46 -> 1.0639108 | AE46: =Z46*COS(AD46)-AB46*SIN(AD46) -> 0.27209718 | AF46: =AE46 -> 0.27209718 | AG46: =Z46*SIN(AD46)+AB46*COS(AD46) -> 0.27209718 | AH46: =N46-P46 -> 0.022878846 | AI46: =O46-Q46 -> -0.16114245 | AJ46: =AH46*$E$17 -> 0.013677833 | AK46: =AI46*$E$18 -> -0.09577649 | AL46: =AE46 -> 0.27209718 | AM46: =AF46+AJ46 -> 0.28577501 | AN46: =AG46+AK46 -> 0.17632069 | AO46: =M46/AL46 -> 1.8375788 | AP46: =AL46*$AO46 -> 0.5 | AQ46: =AM46*$AO46 -> 0.5251341 | AR46: =AN46*$AO46 -> 0.32400315 | AS46: =IF(AP46<0,0,IF(AP46>1,1,AP46)) -> 0.5 | AT46: =IF(AQ46<0,0,IF(AQ46>1,1,AQ46)) -> 0.5251341 | AU46: =IF(AR46<0,0,IF(AR46>1,1,AR46)) -> 0.32400315
C47: 0 | F47: 1514 | G47: 8 | H47: 18 | I47: 82 | J47: 54 | K47: 29 | L47: 77 | M47: =G47/(G47+H47) -> 0.30769231 | N47: =I47/(I47+J47) -> 0.60294118 | O47: =K47/(K47+L47) -> 0.27358491 | P47: =$E$3+$E$4*M47+$E$5*M47*M47 -> 0.52295621 | Q47: =$E$7+$E$8*M47+$E$9*M47*M47 -> 0.25688402 | R47: =M47 -> 0.30769231 | S47: =N47 -> 0.60294118 | T47: =O47 -> 0.27358491 | U47: =R47 -> 0.30769231 | V47: =S47-$E$3 -> 0.16094118 | W47: =T47-$E$7 -> 0.054584906 | X47: =ATAN2(U47,V47) -> 0.48192404 | Y47: =$E$11-X47 -> 0.30347412 | Z47: =U47*COS(Y47)-V47*SIN(Y47) -> 0.24553678 | AA47: =U47*SIN(Y47)+V47*COS(Y47) -> 0.24553678 | AB47: =W47 -> 0.054584906 | AC47: =ATAN2(Z47,AB47) -> 0.21875113 | AD47: =$E$11-AC47 -> 0.56664703 | AE47: =Z47*COS(AD47)-AB47*SIN(AD47) -> 0.17785924 | AF47: =AE47 -> 0.17785924 | AG47: =Z47*SIN(AD47)+AB47*COS(AD47) -> 0.17785924 | AH47: =N47-P47 -> 0.079984963 | AI47: =O47-Q47 -> 0.016700882 | AJ47: =AH47*$E$17 -> 0.047818014 | AK47: =AI47*$E$18 -> 0.0099263219 | AL47: =AE47 -> 0.17785924 | AM47: =AF47+AJ47 -> 0.22567726 | AN47: =AG47+AK47 -> 0.18778557 | AO47: =M47/AL47 -> 1.7299765 | AP47: =AL47*$AO47 -> 0.30769231 | AQ47: =AM47*$AO47 -> 0.39041635 | AR47: =AN47*$AO47 -> 0.32486461 | AS47: =IF(AP47<0,0,IF(AP47>1,1,AP47)) -> 0.30769231 | AT47: =IF(AQ47<0,0,IF(AQ47>1,1,AQ47)) -> 0.39041635 | AU47: =IF(AR47<0,0,IF(AR47>1,1,AR47)) -> 0.32486461
C48: 0 | F48: 1517 | G48: 51 | H48: 36 | I48: 159 | J48: 103 | K48: 30 | L48: 113 | M48: =G48/(G48+H48) -> 0.5862069 | N48: =I48/(I48+J48) -> 0.60687023 | O48: =K48/(K48+L48) -> 0.20979021 | P48: =$E$3+$E$4*M48+$E$5*M48*M48 -> 0.59576207 | Q48: =$E$7+$E$8*M48+$E$9*M48*M48 -> 0.28062854 | R48: =M48 -> 0.5862069 | S48: =N48 -> 0.60687023 | T48: =O48 -> 0.20979021 | U48: =R48 -> 0.5862069 | V48: =S48-$E$3 -> 0.16487023 | W48: =T48-$E$7 -> -0.0092097902 | X48: =ATAN2(U48,V48) -> 0.27416672 | Y48: =$E$11-X48 -> 0.51123144 | Z48: =U48*COS(Y48)-V48*SIN(Y48) -> 0.43059303 | AA48: =U48*SIN(Y48)+V48*COS(Y48) -> 0.43059303 | AB48: =W48 -> -0.0092097902 | AC48: =ATAN2(Z48,AB48) -> -0.021385358 | AD48: =$E$11-AC48 -> 0.80678352 | AE48: =Z48*COS(AD48)-AB48*SIN(AD48) -> 0.30454489 | AF48: =AE48 -> 0.30454489 | AG48: =Z48*SIN(AD48)+AB48*COS(AD48) -> 0.30454489 | AH48: =N48-P48 -> 0.01110816 | AI48: =O48-Q48 -> -0.070838328 | AJ48: =AH48*$E$17 -> 0.0066408751 | AK48: =AI48*$E$18 -> -0.042103408 | AL48: =AE48 -> 0.30454489 | AM48: =AF48+AJ48 -> 0.31118576 | AN48: =AG48+AK48 -> 0.26244148 | AO48: =M48/AL48 -> 1.924862 | AP48: =AL48*$AO48 -> 0.5862069 | AQ48: =AM48*$AO48 -> 0.59898966 | AR48: =AN48*$AO48 -> 0.50516365 | AS48: =IF(AP48<0,0,IF(AP48>1,1,AP48)) -> 0.5862069 | AT48: =IF(AQ48<0,0,IF(AQ48>1,1,AQ48)) -> 0.59898966 | AU48: =IF(AR48<0,0,IF(AR48>1,1,AR48)) -> 0.50516365
C49: 0 | F49: 1518 | G49: 44 | H49: 25 | I49: 131 | J49: 100 | K49: 47 | L49: 122 | M49: =G49/(G49+H49) -> 0.63768116 | N49: =I49/(I49+J49) -> 0.56709957 | O49: =K49/(K49+L49) -> 0.27810651 | P49: =$E$3+$E$4*M49+$E$5*M49*M49 -> 0.60916858 | Q49: =$E$7+$E$8*M49+$E$9*M49*M49 -> 0.28391964 | R49: =M49 -> 0.63768116 | S49: =N49 -> 0.56709957 | T49: =O49 -> 0.27810651 | U49: =R49 -> 0.63768116 | V49: =S49-$E$3 -> 0.12509957 | W49: =T49-$E$7 -> 0.059106509 | X49: =ATAN2(U49,V49) -> 0.19371871 | Y49: =$E$11-X49 -> 0.59167946 | Z49: =U49*COS(Y49)-V49*SIN(Y49) -> 0.45950363 | AA49: =U49*SIN(Y49)+V49*COS(Y49) -> 0.45950363 | AB49: =W49 -> 0.059106509 | AC49: =ATAN2(Z49,AB49) -> 0.12792873 | AD49: =$E$11-AC49 -> 0.65746943 | AE49: =Z49*COS(AD49)-AB49*SIN(AD49) -> 0.32759515 | AF49: =AE49 -> 0.32759515 | AG49: =Z49*SIN(AD49)+AB49*COS(AD49) -> 0.32759515 | AH49: =N49-P49 -> -0.042069011 | AI49: =O49-Q49 -> -0.0058131299 | AJ49: =AH49*$E$17 -> -0.025150434 | AK49: =AI49*$E$18 -> -0.0034550869 | AL49: =AE49 -> 0.32759515 | AM49: =AF49+AJ49 -> 0.30244471 | AN49: =AG49+AK49 -> 0.32414006 | AO49: =M49/AL49 -> 1.9465525 | AP49: =AL49*$AO49 -> 0.63768116 | AQ49: =AM49*$AO49 -> 0.58872452 | AR49: =AN49*$AO49 -> 0.63095565 | AS49: =IF(AP49<0,0,IF(AP49>1,1,AP49)) -> 0.63768116 | AT49: =IF(AQ49<0,0,IF(AQ49>1,1,AQ49)) -> 0.58872452 | AU49: =IF(AR49<0,0,IF(AR49>1,1,AR49)) -> 0.63095565
... C594: 0 | F594: 7730 | G594: 12 | H594: 43 | I594: 62 | J594: 47 | K594: 31 | L594: 95 | M594: =G594/(G594+H594) -> 0.21818182 | N594: =I594/(I594+J594) -> 0.56880734 | O594: =K594/(K594+L594) -> 0.24603175 | P594: =$E$3+$E$4*M594+$E$5*M594*M594 -> 0.49946195 | Q594: =$E$7+$E$8*M594+$E$9*M594*M594 -> 0.24712483 | R594: =M594 -> 0.21818182 | S594: =N594 -> 0.56880734 | T594: =O594 -> 0.24603175 | U594: =R594 -> 0.21818182 | V594: =S594-$E$3 -> 0.12680734 | W594: =T594-$E$7 -> 0.027031746 | X594: =ATAN2(U594,V594) -> 0.52648149 | Y594: =$E$11-X594 -> 0.25891667 | Z594: =U594*COS(Y594)-V594*SIN(Y594) -> 0.17844244 | AA594: =U594*SIN(Y594)+V594*COS(Y594) -> 0.17844244 | AB594: =W594 -> 0.027031746 | AC594: =ATAN2(Z594,AB594) -> 0.15034411 | AD594: =$E$11-AC594 -> 0.63505406 | AE594: =Z594*COS(AD594)-AB594*SIN(AD594) -> 0.12761743 | AF594: =AE594 -> 0.12761743 | AG594: =Z594*SIN(AD594)+AB594*COS(AD594) -> 0.12761743 | AH594: =N594-P594 -> 0.069345389 | AI594: =O594-Q594 -> -0.0010930804 | AJ594: =AH594*$E$17 -> 0.041457277 | AK594: =AI594*$E$18 -> -0.00064968234 | AL594: =AE594 -> 0.12761743 | AM594: =AF594+AJ594 -> 0.16907471 | AN594: =AG594+AK594 -> 0.12696775 | AO594: =M594/AL594 -> 1.7096553 | AP594: =AL594*$AO594 -> 0.21818182 | AQ594: =AM594*$AO594 -> 0.28905947 | AR594: =AN594*$AO594 -> 0.21707109 | AS594: =IF(AP594<0,0,IF(AP594>1,1,AP594)) -> 0.21818182 | AT594: =IF(AQ594<0,0,IF(AQ594>1,1,AQ594)) -> 0.28905947 | AU594: =IF(AR594<0,0,IF(AR594>1,1,AR594)) -> 0.21707109

Sheet Turnout Restoration
A1: Variable Name | B1: Value | C1: Operators | D1: Values | E1: P | F1: R | G1: T | H1: A1 | I1: A2 | J1: A3 | K1: B1 | L1: B2 | M1: B3 | N1: C1 | O1: C2 | P1: C3 | Q1: Turnout | R1: PSI A1 | S1: Psi A3 | T1: Psi C2 | U1: =Q1 -> Turnout | V1: Psi A2 | W1: Psi B2 | X1: Psi B1 | Y1: =Q1 -> Turnout | Z1: Psi B3 | AA1: Psi C1 | AB1: Psi C3 | AC1: =Q1 -> Turnout | AD1: Psi EArly | AE1: Psi MiV | AF1: Psi EDV | AG1: Illegal C1 Spine | AH1: =Y1 -> Turnout | AI1: C1 Spine | AJ1: C2 Spine | AK1: ResidC1 | AL1: ResidC2 | AM1: ScaleC1Resid | AN1: =AH1 -> Turnout | AO1: Restore PsiC1 | AP1: Local scale | AQ1: =N1 -> C1 | AR1: Restore C1 | AS1: ='M1,M2,M3 Restoration'!AU1 -> M3,2 | AT1: Restore C3 | AU1: ='N1,N2,N3 Restoration'!AX1 -> N1,2 | AV1: A1+A3 | AW1: Restore A2 | AX1: A2
A2: P | B2: Precinct Name | E2: 1000 | F2: 640 | G2: =H2+I2+J2+K2+L2+M2+N2+O2+P2 -> 201 | H2: 15 | I2: 14 | J2: 2 | K2: 42 | L2: 66 | M2: 15 | N2: 14 | O2: 6 | P2: 27 | Q2: =G2/F2 -> 0.3140625 | R2: =H2/F2 -> 0.0234375 | S2: =J2/F2 -> 0.003125 | T2: =O2/F2 -> 0.009375 | U2: =Q2 -> 0.3140625 | V2: =I2/F2 -> 0.021875 | W2: =L2/F2 -> 0.103125 | X2: =K2/F2 -> 0.065625 | Y2: =Q2 -> 0.3140625 | Z2: =M2/F2 -> 0.0234375 | AA2: =N2/F2 -> 0.021875 | AB2: =P2/F2 -> 0.0421875 | AC2: =Q2 -> 0.3140625 | AD2: =(H2+K2+N2)/($F2) -> 0.1109375 | AE2: =(I2+L2+O2)/($F2) -> 0.134375 | AF2: =(J2+M2+P2)/($F2) -> 0.06875 | AG2: =$D$7+$D$8*AH2+$D$9*AH2*AH2 -> 0.016430663 | AH2: =Y2 -> 0.3140625 | AI2: =$D$3+$D$5*Q2*Q2+$D$8*Q2 -> 0.014218914 | AJ2: =$D$3+$D$4*AH2+$D$5*AH2*AH2 -> 0.012805632 | AK2: =AA2-AI2 -> 0.0076560864 | AL2: =T2-AJ2 -> -0.0034306323 | AM2: =$D$14*AK2 -> 0.0062153702 | AN2: =AH2 -> 0.3140625 | AO2: =IF(AI2+AM2<0,0,AI2+AM2) -> 0.020434284 | AP2: =AO2/AA2 -> 0.93413869 | AQ2: =N2 -> 14 | AR2: =ROUND(AP2*N2,0) -> 13 | AS2: ='M1,M2,M3 Restoration'!AU2 -> 0.93398321 | AT2: =IF(ROUND((AR2*(1-AS2))/AS2,0)<0,0,ROUND((AR2*(1-AS2))/AS2,0)) -> 1 | AU2: ='N1,N2,N3 Restoration'!AX2 -> 0.29857259 | AV2: =H2+J2 -> 17 | AW2: =ROUND((AV2*AU2)/(1-AU2),0) -> 7 | AX2: 14
A3: R | B3: Registered | C3: k0 | D3: -0.00295 | E3: 1001 | F3: 1053 | G3: =H3+I3+J3+K3+L3+M3+N3+O3+P3 -> 234 | H3: 15 | I3: 22 | J3: 14 | K3: 37 | L3: 76 | M3: 22 | N3: 14 | O3: 11 | P3: 23 | Q3: =G3/F3 -> 0.22222222 | R3: =H3/F3 -> 0.014245014 | S3: =J3/F3 -> 0.013295347 | T3: =O3/F3 -> 0.010446344 | U3: =Q3 -> 0.22222222 | V3: =I3/F3 -> 0.020892688 | W3: =L3/F3 -> 0.072174739 | X3: =K3/F3 -> 0.035137702 | Y3: =Q3 -> 0.22222222 | Z3: =M3/F3 -> 0.020892688 | AA3: =N3/F3 -> 0.013295347 | AB3: =P3/F3 -> 0.021842355 | AC3: =Q3 -> 0.22222222 | AD3: =(H3+K3+N3)/($F3) -> 0.062678063 | AE3: =(I3+L3+O3)/($F3) -> 0.10351377 | AF3: =(J3+M3+P3)/($F3) -> 0.056030389 | AG3: =$D$7+$D$8*AH3+$D$9*AH3*AH3 -> 0.012615062 | AH3: =Y3 -> 0.22222222 | AI3: =$D$3+$D$5*Q3*Q3+$D$8*Q3 -> 0.01142284 | AJ3: =$D$3+$D$4*AH3+$D$5*AH3*AH3 -> 0.01042284 | AK3: =AA3-AI3 -> 0.0018725071 | AL3: =T3-AJ3 -> 2.3504273e-05 | AM3: =$D$14*AK3 -> 0.0015201402 | AN3: =AH3 -> 0.22222222 | AO3: =IF(AI3+AM3<0,0,AI3+AM3) -> 0.01294298 | AP3: =AO3/AA3 -> 0.97349698 | AQ3: =N3 -> 14 | AR3: =ROUND(AP3*N3,0) -> 14 | AS3: ='M1,M2,M3 Restoration'!AU3 -> 0.62357669 | AT3: =IF(ROUND((AR3*(1-AS3))/AS3,0)<0,0,ROUND((AR3*(1-AS3))/AS3,0)) -> 8 | AU3: ='N1,N2,N3 Restoration'!AX3 -> 0.3171522 | AV3: =H3+J3 -> 29 | AW3: =ROUND((AV3*AU3)/(1-AU3),0) -> 13 | AX3: 22
A4: T | B4: Total Ballots Cast | C4: k1 | D4: 0.0844 | E4: 1004 | F4: 1917 | G4: =H4+I4+J4+K4+L4+M4+N4+O4+P4 -> 230 | H4: 7 | I4: 17 | J4: 9 | K4: 21 | L4: 72 | M4: 24 | N4: 6 | O4: 11 | P4: 63 | Q4: =G4/F4 -> 0.11997913 | R4: =H4/F4 -> 0.0036515389 | S4: =J4/F4 -> 0.0046948357 | T4: =O4/F4 -> 0.0057381325 | U4: =Q4 -> 0.11997913 | V4: =I4/F4 -> 0.008868023 | W4: =L4/F4 -> 0.037558685 | X4: =K4/F4 -> 0.010954617 | Y4: =Q4 -> 0.11997913 | Z4: =M4/F4 -> 0.012519562 | AA4: =N4/F4 -> 0.0031298905 | AB4: =P4/F4 -> 0.03286385 | AC4: =Q4 -> 0.11997913 | AD4: =(H4+K4+N4)/($F4) -> 0.017736046 | AE4: =(I4+L4+O4)/($F4) -> 0.052164841 | AF4: =(J4+M4+P4)/($F4) -> 0.050078247 | AG4: =$D$7+$D$8*AH4+$D$9*AH4*AH4 -> 0.0066150672 | AH4: =Y4 -> 0.11997913 | AI4: =$D$3+$D$5*Q4*Q4+$D$8*Q4 -> 0.0061470908 | AJ4: =$D$3+$D$4*AH4+$D$5*AH4*AH4 -> 0.0056071847 | AK4: =AA4-AI4 -> -0.0030172004 | AL4: =T4-AJ4 -> 0.00013094778 | AM4: =$D$14*AK4 -> -0.002449426 | AN4: =AH4 -> 0.11997913 | AO4: =IF(AI4+AM4<0,0,AI4+AM4) -> 0.0036976648 | AP4: =AO4/AA4 -> 1.1814039 | AQ4: =N4 -> 6 | AR4: =ROUND(AP4*N4,0) -> 7 | AS4: ='M1,M2,M3 Restoration'!AU4 -> 0.23852437 | AT4: =IF(ROUND((AR4*(1-AS4))/AS4,0)<0,0,ROUND((AR4*(1-AS4))/AS4,0)) -> 22 | AU4: ='N1,N2,N3 Restoration'!AX4 -> 0.33107829 | AV4: =H4+J4 -> 16 | AW4: =ROUND((AV4*AU4)/(1-AU4),0) -> 8 | AX4: 17
A5: A1 | B5: Hyt Early | C5: k2 | D5: -0.109 | E5: 1005 | F5: 1599 | G5: =H5+I5+J5+K5+L5+M5+N5+O5+P5 -> 374 | H5: 14 | I5: 26 | J5: 11 | K5: 65 | L5: 130 | M5: 29 | N5: 27 | O5: 10 | P5: 62 | Q5: =G5/F5 -> 0.23389619 | R5: =H5/F5 -> 0.0087554722 | S5: =J5/F5 -> 0.0068792996 | T5: =O5/F5 -> 0.0062539087 | U5: =Q5 -> 0.23389619 | V5: =I5/F5 -> 0.016260163 | W5: =L5/F5 -> 0.081300813 | X5: =K5/F5 -> 0.040650406 | Y5: =Q5 -> 0.23389619 | Z5: =M5/F5 -> 0.018136335 | AA5: =N5/F5 -> 0.016885553 | AB5: =P5/F5 -> 0.038774234 | AC5: =Q5 -> 0.23389619 | AD5: =(H5+K5+N5)/($F5) -> 0.066291432 | AE5: =(I5+L5+O5)/($F5) -> 0.10381488 | AF5: =(J5+M5+P5)/($F5) -> 0.063789869 | AG5: =$D$7+$D$8*AH5+$D$9*AH5*AH5 -> 0.013182705 | AH5: =Y5 -> 0.23389619 | AI5: =$D$3+$D$5*Q5*Q5+$D$8*Q5 -> 0.011880261 | AJ5: =$D$3+$D$4*AH5+$D$5*AH5*AH5 -> 0.010827729 | AK5: =AA5-AI5 -> 0.005005292 | AL5: =T5-AJ5 -> -0.00457382 | AM5: =$D$14*AK5 -> 0.0040634002 | AN5: =AH5 -> 0.23389619 | AO5: =IF(AI5+AM5<0,0,AI5+AM5) -> 0.015943662 | AP5: =AO5/AA5 -> 0.94421907 | AQ5: =N5 -> 27 | AR5: =ROUND(AP5*N5,0) -> 25 | AS5: ='M1,M2,M3 Restoration'!AU5 -> 0.5861655 | AT5: =IF(ROUND((AR5*(1-AS5))/AS5,0)<0,0,ROUND((AR5*(1-AS5))/AS5,0)) -> 18 | AU5: ='N1,N2,N3 Restoration'!AX5 -> 0.21846432 | AV5: =H5+J5 -> 25 | AW5: =ROUND((AV5*AU5)/(1-AU5),0) -> 7 | AX5: 26
A6: A2 | B6: Hyt Mail | E6: 1006 | F6: 1548 | G6: =H6+I6+J6+K6+L6+M6+N6+O6+P6 -> 227 | H6: 5 | I6: 27 | J6: 6 | K6: 33 | L6: 68 | M6: 27 | N6: 16 | O6: 6 | P6: 39 | Q6: =G6/F6 -> 0.14664083 | R6: =H6/F6 -> 0.0032299742 | S6: =J6/F6 -> 0.003875969 | T6: =O6/F6 -> 0.003875969 | U6: =Q6 -> 0.14664083 | V6: =I6/F6 -> 0.01744186 | W6: =L6/F6 -> 0.043927649 | X6: =K6/F6 -> 0.021317829 | Y6: =Q6 -> 0.14664083 | Z6: =M6/F6 -> 0.01744186 | AA6: =N6/F6 -> 0.010335917 | AB6: =P6/F6 -> 0.025193798 | AC6: =Q6 -> 0.14664083 | AD6: =(H6+K6+N6)/($F6) -> 0.034883721 | AE6: =(I6+L6+O6)/($F6) -> 0.065245478 | AF6: =(J6+M6+P6)/($F6) -> 0.046511628 | AG6: =$D$7+$D$8*AH6+$D$9*AH6*AH6 -> 0.0083576076 | AH6: =Y6 -> 0.14664083 | AI6: =$D$3+$D$5*Q6*Q6+$D$8*Q6 -> 0.0077424845 | AJ6: =$D$3+$D$4*AH6+$D$5*AH6*AH6 -> 0.0070826008 | AK6: =AA6-AI6 -> 0.0025934328 | AL6: =T6-AJ6 -> -0.0032066318 | AM6: =$D$14*AK6 -> 0.0021054027 | AN6: =AH6 -> 0.14664083 | AO6: =IF(AI6+AM6<0,0,AI6+AM6) -> 0.0098478872 | AP6: =AO6/AA6 -> 0.95278309 | AQ6: =N6 -> 16 | AR6: =ROUND(AP6*N6,0) -> 15 | AS6: ='M1,M2,M3 Restoration'!AU6 -> 0.47743618 | AT6: =IF(ROUND((AR6*(1-AS6))/AS6,0)<0,0,ROUND((AR6*(1-AS6))/AS6,0)) -> 16 | AU6: ='N1,N2,N3 Restoration'!AX6 -> 0.29661311 | AV6: =H6+J6 -> 11 | AW6: =ROUND((AV6*AU6)/(1-AU6),0) -> 5 | AX6: 27
A7: A3 | B7: Hyt EDV | C7: c0 | D7: -0.00278 | E7: 1007 | F7: 2681 | G7: =H7+I7+J7+K7+L7+M7+N7+O7+P7 -> 297 | H7: 14 | I7: 24 | J7: 9 | K7: 36 | L7: 102 | M7: 33 | N7: 17 | O7: 15 | P7: 47 | Q7: =G7/F7 -> 0.11077956 | R7: =H7/F7 -> 0.0052219321 | S7: =J7/F7 -> 0.0033569564 | T7: =O7/F7 -> 0.0055949273 | U7: =Q7 -> 0.11077956 | V7: =I7/F7 -> 0.0089518836 | W7: =L7/F7 -> 0.038045505 | X7: =K7/F7 -> 0.013427825 | Y7: =Q7 -> 0.11077956 | Z7: =M7/F7 -> 0.01230884 | AA7: =N7/F7 -> 0.0063409176 | AB7: =P7/F7 -> 0.017530772 | AC7: =Q7 -> 0.11077956 | AD7: =(H7+K7+N7)/($F7) -> 0.024990675 | AE7: =(I7+L7+O7)/($F7) -> 0.052592316 | AF7: =(J7+M7+P7)/($F7) -> 0.033196568 | AG7: =$D$7+$D$8*AH7+$D$9*AH7*AH7 -> 0.0059846755 | AH7: =Y7 -> 0.11077956 | AI7: =$D$3+$D$5*Q7*Q7+$D$8*Q7 -> 0.0055606428 | AJ7: =$D$3+$D$4*AH7+$D$5*AH7*AH7 -> 0.0050621348 | AK7: =AA7-AI7 -> 0.00078027478 | AL7: =T7-AJ7 -> 0.0005327925 | AM7: =$D$14*AK7 -> 0.0006334433 | AN7: =AH7 -> 0.11077956 | AO7: =IF(AI7+AM7<0,0,AI7+AM7) -> 0.0061940861 | AP7: =AO7/AA7 -> 0.97684381 | AQ7: =N7 -> 17 | AR7: =ROUND(AP7*N7,0) -> 17 | AS7: ='M1,M2,M3 Restoration'!AU7 -> 0.58937851 | AT7: =IF(ROUND((AR7*(1-AS7))/AS7,0)<0,0,ROUND((AR7*(1-AS7))/AS7,0)) -> 12 | AU7: ='N1,N2,N3 Restoration'!AX7 -> 0.39999358 | AV7: =H7+J7 -> 23 | AW7: =ROUND((AV7*AU7)/(1-AU7),0) -> 15 | AX7: 24
A8: B1 | B8: McMahill Early | C8: c1 | D8: 0.0889 | E8: 1008 | F8: 3439 | G8: =H8+I8+J8+K8+L8+M8+N8+O8+P8 -> 424 | H8: 15 | I8: 38 | J8: 25 | K8: 65 | L8: 139 | M8: 35 | N8: 27 | O8: 16 | P8: 64 | Q8: =G8/F8 -> 0.12329165 | R8: =H8/F8 -> 0.0043617331 | S8: =J8/F8 -> 0.0072695551 | T8: =O8/F8 -> 0.0046525153 | U8: =Q8 -> 0.12329165 | V8: =I8/F8 -> 0.011049724 | W8: =L8/F8 -> 0.040418726 | X8: =K8/F8 -> 0.018900843 | Y8: =Q8 -> 0.12329165 | Z8: =M8/F8 -> 0.010177377 | AA8: =N8/F8 -> 0.0078511195 | AB8: =P8/F8 -> 0.018610061 | AC8: =Q8 -> 0.12329165 | AD8: =(H8+K8+N8)/($F8) -> 0.031113696 | AE8: =(I8+L8+O8)/($F8) -> 0.056120965 | AF8: =(J8+M8+P8)/($F8) -> 0.036056993 | AG8: =$D$7+$D$8*AH8+$D$9*AH8*AH8 -> 0.0068383946 | AH8: =Y8 -> 0.12329165 | AI8: =$D$3+$D$5*Q8*Q8+$D$8*Q8 -> 0.0063537374 | AJ8: =$D$3+$D$4*AH8+$D$5*AH8*AH8 -> 0.0057989249 | AK8: =AA8-AI8 -> 0.0014973821 | AL8: =T8-AJ8 -> -0.0011464097 | AM8: =$D$14*AK8 -> 0.001215606 | AN8: =AH8 -> 0.12329165 | AO8: =IF(AI8+AM8<0,0,AI8+AM8) -> 0.0075693434 | AP8: =AO8/AA8 -> 0.96411007 | AQ8: =N8 -> 27 | AR8: =ROUND(AP8*N8,0) -> 26 | AS8: ='M1,M2,M3 Restoration'!AU8 -> 0.40839419 | AT8: =IF(ROUND((AR8*(1-AS8))/AS8,0)<0,0,ROUND((AR8*(1-AS8))/AS8,0)) -> 38 | AU8: ='N1,N2,N3 Restoration'!AX8 -> 0.21224178 | AV8: =H8+J8 -> 40 | AW8: =ROUND((AV8*AU8)/(1-AU8),0) -> 11 | AX8: 38
A9: B2 | B9: McMahill Mail | C9: c2 | D9: -0.0883 | E9: 1009 | F9: 1380 | G9: =H9+I9+J9+K9+L9+M9+N9+O9+P9 -> 404 | H9: 23 | I9: 25 | J9: 29 | K9: 67 | L9: 118 | M9: 46 | N9: 24 | O9: 21 | P9: 51 | Q9: =G9/F9 -> 0.29275362 | R9: =H9/F9 -> 0.016666667 | S9: =J9/F9 -> 0.021014493 | T9: =O9/F9 -> 0.015217391 | U9: =Q9 -> 0.29275362 | V9: =I9/F9 -> 0.018115942 | W9: =L9/F9 -> 0.085507246 | X9: =K9/F9 -> 0.048550725 | Y9: =Q9 -> 0.29275362 | Z9: =M9/F9 -> 0.033333333 | AA9: =N9/F9 -> 0.017391304 | AB9: =P9/F9 -> 0.036956522 | AC9: =Q9 -> 0.29275362 | AD9: =(H9+K9+N9)/($F9) -> 0.082608696 | AE9: =(I9+L9+O9)/($F9) -> 0.11884058 | AF9: =(J9+M9+P9)/($F9) -> 0.091304348 | AG9: =$D$7+$D$8*AH9+$D$9*AH9*AH9 -> 0.015678074 | AH9: =Y9 -> 0.29275362 | AI9: =$D$3+$D$5*Q9*Q9+$D$8*Q9 -> 0.013733987 | AJ9: =$D$3+$D$4*AH9+$D$5*AH9*AH9 -> 0.012416595 | AK9: =AA9-AI9 -> 0.0036573178 | AL9: =T9-AJ9 -> 0.0028007961 | AM9: =$D$14*AK9 -> 0.0029690867 | AN9: =AH9 -> 0.29275362 | AO9: =IF(AI9+AM9<0,0,AI9+AM9) -> 0.016703073 | AP9: =AO9/AA9 -> 0.96042671 | AQ9: =N9 -> 24 | AR9: =ROUND(AP9*N9,0) -> 23 | AS9: ='M1,M2,M3 Restoration'!AU9 -> 0.49652033 | AT9: =IF(ROUND((AR9*(1-AS9))/AS9,0)<0,0,ROUND((AR9*(1-AS9))/AS9,0)) -> 23 | AU9: ='N1,N2,N3 Restoration'!AX9 -> 0.22179871 | AV9: =H9+J9 -> 52 | AW9: =ROUND((AV9*AU9)/(1-AU9),0) -> 15 | AX9: 25
A10: B3 | B10: McMahill EDV | E10: 1012 | F10: 1883 | G10: =H10+I10+J10+K10+L10+M10+N10+O10+P10 -> 681 | H10: 23 | I10: 57 | J10: 28 | K10: 82 | L10: 244 | M10: 69 | N10: 35 | O10: 22 | P10: 121 | Q10: =G10/F10 -> 0.36165693 | R10: =H10/F10 -> 0.012214551 | S10: =J10/F10 -> 0.014869888 | T10: =O10/F10 -> 0.011683484 | U10: =Q10 -> 0.36165693 | V10: =I10/F10 -> 0.030270844 | W10: =L10/F10 -> 0.12958046 | X10: =K10/F10 -> 0.043547531 | Y10: =Q10 -> 0.36165693 | Z10: =M10/F10 -> 0.036643654 | AA10: =N10/F10 -> 0.018587361 | AB10: =P10/F10 -> 0.064259161 | AC10: =Q10 -> 0.36165693 | AD10: =(H10+K10+N10)/($F10) -> 0.074349442 | AE10: =(I10+L10+O10)/($F10) -> 0.17153478 | AF10: =(J10+M10+P10)/($F10) -> 0.1157727 | AG10: =$D$7+$D$8*AH10+$D$9*AH10*AH10 -> 0.017822038 | AH10: =Y10 -> 0.36165693 | AI10: =$D$3+$D$5*Q10*Q10+$D$8*Q10 -> 0.014944566 | AJ10: =$D$3+$D$4*AH10+$D$5*AH10*AH10 -> 0.01331711 | AK10: =AA10-AI10 -> 0.0036427946 | AL10: =T10-AJ10 -> -0.001633626 | AM10: =$D$14*AK10 -> 0.0029572965 | AN10: =AH10 -> 0.36165693 | AO10: =IF(AI10+AM10<0,0,AI10+AM10) -> 0.017901862 | AP10: =AO10/AA10 -> 0.9631202 | AQ10: =N10 -> 35 | AR10: =ROUND(AP10*N10,0) -> 34 | AS10: ='M1,M2,M3 Restoration'!AU10 -> 0.39763799 | AT10: =IF(ROUND((AR10*(1-AS10))/AS10,0)<0,0,ROUND((AR10*(1-AS10))/AS10,0)) -> 52 | AU10: ='N1,N2,N3 Restoration'!AX10 -> 0.25726687 | AV10: =H10+J10 -> 51 | AW10: =ROUND((AV10*AU10)/(1-AU10),0) -> 18 | AX10: 57
A11: C1 | B11: Roberts Early | C11: DevC1 | D11: =_xlfn.STDEV.S(AK2:AK594) -> 0.0044714704 | E11: 1015 | F11: 2510 | G11: =H11+I11+J11+K11+L11+M11+N11+O11+P11 -> 479 | H11: 34 | I11: 48 | J11: 19 | K11: 69 | L11: 155 | M11: 42 | N11: 14 | O11: 20 | P11: 78 | Q11: =G11/F11 -> 0.19083665 | R11: =H11/F11 -> 0.013545817 | S11: =J11/F11 -> 0.0075697211 | T11: =O11/F11 -> 0.0079681275 | U11: =Q11 -> 0.19083665 | V11: =I11/F11 -> 0.019123506 | W11: =L11/F11 -> 0.061752988 | X11: =K11/F11 -> 0.02749004 | Y11: =Q11 -> 0.19083665 | Z11: =M11/F11 -> 0.016733068 | AA11: =N11/F11 -> 0.0055776892 | AB11: =P11/F11 -> 0.031075697 | AC11: =Q11 -> 0.19083665 | AD11: =(H11+K11+N11)/($F11) -> 0.046613546 | AE11: =(I11+L11+O11)/($F11) -> 0.088844622 | AF11: =(J11+M11+P11)/($F11) -> 0.055378486 | AG11: =$D$7+$D$8*AH11+$D$9*AH11*AH11 -> 0.010969614 | AH11: =Y11 -> 0.19083665 | AI11: =$D$3+$D$5*Q11*Q11+$D$8*Q11 -> 0.010045748 | AJ11: =$D$3+$D$4*AH11+$D$5*AH11*AH11 -> 0.0091869831 | AK11: =AA11-AI11 -> -0.0044680588 | AL11: =T11-AJ11 -> -0.0012188556 | AM11: =$D$14*AK11 -> -0.0036272631 | AN11: =AH11 -> 0.19083665 | AO11: =IF(AI11+AM11<0,0,AI11+AM11) -> 0.0064184849 | AP11: =AO11/AA11 -> 1.1507427 | AQ11: =N11 -> 14 | AR11: =ROUND(AP11*N11,0) -> 16 | AS11: ='M1,M2,M3 Restoration'!AU11 -> 0.49193405 | AT11: =IF(ROUND((AR11*(1-AS11))/AS11,0)<0,0,ROUND((AR11*(1-AS11))/AS11,0)) -> 17 | AU11: ='N1,N2,N3 Restoration'!AX11 -> 0.40376561 | AV11: =H11+J11 -> 53 | AW11: =ROUND((AV11*AU11)/(1-AU11),0) -> 36 | AX11: 48
A12: C2 | B12: Roberts Mail | C12: DevC2 | D12: =_xlfn.STDEV.S(AL2:AL594) -> 0.0036300327 | E12: 1016 | F12: 485 | G12: =H12+I12+J12+K12+L12+M12+N12+O12+P12 -> 153 | H12: 4 | I12: 15 | J12: 12 | K12: 21 | L12: 47 | M12: 17 | N12: 7 | O12: 2 | P12: 28 | Q12: =G12/F12 -> 0.31546392 | R12: =H12/F12 -> 0.0082474227 | S12: =J12/F12 -> 0.024742268 | T12: =O12/F12 -> 0.0041237113 | U12: =Q12 -> 0.31546392 | V12: =I12/F12 -> 0.030927835 | W12: =L12/F12 -> 0.096907216 | X12: =K12/F12 -> 0.043298969 | Y12: =Q12 -> 0.31546392 | Z12: =M12/F12 -> 0.035051546 | AA12: =N12/F12 -> 0.01443299 | AB12: =P12/F12 -> 0.057731959 | AC12: =Q12 -> 0.31546392 | AD12: =(H12+K12+N12)/($F12) -> 0.065979381 | AE12: =(I12+L12+O12)/($F12) -> 0.13195876 | AF12: =(J12+M12+P12)/($F12) -> 0.11752577 | AG12: =$D$7+$D$8*AH12+$D$9*AH12*AH12 -> 0.016477348 | AH12: =Y12 -> 0.31546392 | AI12: =$D$3+$D$5*Q12*Q12+$D$8*Q12 -> 0.014247337 | AJ12: =$D$3+$D$4*AH12+$D$5*AH12*AH12 -> 0.012827749 | AK12: =AA12-AI12 -> 0.0001856531 | AL12: =T12-AJ12 -> -0.0087040376 | AM12: =$D$14*AK12 -> 0.00015071705 | AN12: =AH12 -> 0.31546392 | AO12: =IF(AI12+AM12<0,0,AI12+AM12) -> 0.014398054 | AP12: =AO12/AA12 -> 0.99757943 | AQ12: =N12 -> 7 | AR12: =ROUND(AP12*N12,0) -> 7 | AS12: ='M1,M2,M3 Restoration'!AU12 -> 0.19513799 | AT12: =IF(ROUND((AR12*(1-AS12))/AS12,0)<0,0,ROUND((AR12*(1-AS12))/AS12,0)) -> 29 | AU12: ='N1,N2,N3 Restoration'!AX12 -> 0.036848186 | AV12: =H12+J12 -> 16 | AW12: =ROUND((AV12*AU12)/(1-AU12),0) -> 1 | AX12: 15
A13: C3 | B13: Roberts EDV | E13: 1038 | F13: 2098 | G13: =H13+I13+J13+K13+L13+M13+N13+O13+P13 -> 339 | H13: 14 | I13: 38 | J13: 10 | K13: 59 | L13: 120 | M13: 27 | N13: 13 | O13: 9 | P13: 49 | Q13: =G13/F13 -> 0.16158246 | R13: =H13/F13 -> 0.0066730219 | S13: =J13/F13 -> 0.0047664442 | T13: =O13/F13 -> 0.0042897998 | U13: =Q13 -> 0.16158246 | V13: =I13/F13 -> 0.018112488 | W13: =L13/F13 -> 0.057197331 | X13: =K13/F13 -> 0.028122021 | Y13: =Q13 -> 0.16158246 | Z13: =M13/F13 -> 0.012869399 | AA13: =N13/F13 -> 0.0061963775 | AB13: =P13/F13 -> 0.023355577 | AC13: =Q13 -> 0.16158246 | AD13: =(H13+K13+N13)/($F13) -> 0.04099142 | AE13: =(I13+L13+O13)/($F13) -> 0.079599619 | AF13: =(J13+M13+P13)/($F13) -> 0.04099142 | AG13: =$D$7+$D$8*AH13+$D$9*AH13*AH13 -> 0.0092792656 | AH13: =Y13 -> 0.16158246 | AI13: =$D$3+$D$5*Q13*Q13+$D$8*Q13 -> 0.0085688115 | AJ13: =$D$3+$D$4*AH13+$D$5*AH13*AH13 -> 0.0078416904 | AK13: =AA13-AI13 -> -0.002372434 | AL13: =T13-AJ13 -> -0.0035518906 | AM13: =$D$14*AK13 -> -0.0019259913 | AN13: =AH13 -> 0.16158246 | AO13: =IF(AI13+AM13<0,0,AI13+AM13) -> 0.0066428202 | AP13: =AO13/AA13 -> 1.072049 | AQ13: =N13 -> 13 | AR13: =ROUND(AP13*N13,0) -> 14 | AS13: ='M1,M2,M3 Restoration'!AU13 -> 0.50575661 | AT13: =IF(ROUND((AR13*(1-AS13))/AS13,0)<0,0,ROUND((AR13*(1-AS13))/AS13,0)) -> 14 | AU13: ='N1,N2,N3 Restoration'!AX13 -> 0.38043956 | AV13: =H13+J13 -> 24 | AW13: =ROUND((AV13*AU13)/(1-AU13),0) -> 15 | AX13: 38
C14: Scale | D14: =D12/D11 -> 0.81182081 | E14: 1039 | F14: 3242 | G14: =H14+I14+J14+K14+L14+M14+N14+O14+P14 -> 797 | H14: 27 | I14: 74 | J14: 33 | K14: 143 | L14: 271 | M14: 73 | N14: 38 | O14: 22 | P14: 116 | Q14: =G14/F14 -> 0.2458359 | R14: =H14/F14 -> 0.0083281925 | S14: =J14/F14 -> 0.010178902 | T14: =O14/F14 -> 0.0067859346 | U14: =Q14 -> 0.2458359 | V14: =I14/F14 -> 0.022825416 | W14: =L14/F14 -> 0.083590376 | X14: =K14/F14 -> 0.044108575 | Y14: =Q14 -> 0.2458359 | Z14: =M14/F14 -> 0.022516965 | AA14: =N14/F14 -> 0.01172116 | AB14: =P14/F14 -> 0.035780382 | AC14: =Q14 -> 0.2458359 | AD14: =(H14+K14+N14)/($F14) -> 0.064157927 | AE14: =(I14+L14+O14)/($F14) -> 0.11320173 | AF14: =(J14+M14+P14)/($F14) -> 0.068476249 | AG14: =$D$7+$D$8*AH14+$D$9*AH14*AH14 -> 0.013738376 | AH14: =Y14 -> 0.2458359 | AI14: =$D$3+$D$5*Q14*Q14+$D$8*Q14 -> 0.012317365 | AJ14: =$D$3+$D$4*AH14+$D$5*AH14*AH14 -> 0.011211103 | AK14: =AA14-AI14 -> -0.00059620528 | AL14: =T14-AJ14 -> -0.0044251689 | AM14: =$D$14*AK14 -> -0.00048401185 | AN14: =AH14 -> 0.2458359 | AO14: =IF(AI14+AM14<0,0,AI14+AM14) -> 0.011833353 | AP14: =AO14/AA14 -> 1.0095719 | AQ14: =N14 -> 38 | AR14: =ROUND(AP14*N14,0) -> 38 | AS14: ='M1,M2,M3 Restoration'!AU14 -> 0.424965 | AT14: =IF(ROUND((AR14*(1-AS14))/AS14,0)<0,0,ROUND((AR14*(1-AS14))/AS14,0)) -> 51 | AU14: ='N1,N2,N3 Restoration'!AX14 -> 0.26575071 | AV14: =H14+J14 -> 60 | AW14: =ROUND((AV14*AU14)/(1-AU14),0) -> 22 | AX14: 74
E15: 1063 | F15: 1412 | G15: =H15+I15+J15+K15+L15+M15+N15+O15+P15 -> 349 | H15: 12 | I15: 27 | J15: 24 | K15: 49 | L15: 115 | M15: 48 | N15: 21 | O15: 7 | P15: 46 | Q15: =G15/F15 -> 0.24716714 | R15: =H15/F15 -> 0.0084985836 | S15: =J15/F15 -> 0.016997167 | T15: =O15/F15 -> 0.0049575071 | U15: =Q15 -> 0.24716714 | V15: =I15/F15 -> 0.019121813 | W15: =L15/F15 -> 0.081444759 | X15: =K15/F15 -> 0.03470255 | Y15: =Q15 -> 0.24716714 | Z15: =M15/F15 -> 0.033994334 | AA15: =N15/F15 -> 0.014872521 | AB15: =P15/F15 -> 0.032577904 | AC15: =Q15 -> 0.24716714 | AD15: =(H15+K15+N15)/($F15) -> 0.058073654 | AE15: =(I15+L15+O15)/($F15) -> 0.10552408 | AF15: =(J15+M15+P15)/($F15) -> 0.083569405 | AG15: =$D$7+$D$8*AH15+$D$9*AH15*AH15 -> 0.013798771 | AH15: =Y15 -> 0.24716714 | AI15: =$D$3+$D$5*Q15*Q15+$D$8*Q15 -> 0.012364175 | AJ15: =$D$3+$D$4*AH15+$D$5*AH15*AH15 -> 0.011251923 | AK15: =AA15-AI15 -> 0.0025083464 | AL15: =T15-AJ15 -> -0.0062944156 | AM15: =$D$14*AK15 -> 0.0020363278 | AN15: =AH15 -> 0.24716714 | AO15: =IF(AI15+AM15<0,0,AI15+AM15) -> 0.014400503 | AP15: =AO15/AA15 -> 0.96826237 | AQ15: =N15 -> 21 | AR15: =ROUND(AP15*N15,0) -> 20 | AS15: ='M1,M2,M3 Restoration'!AU15 -> 0.3919581 | AT15: =IF(ROUND((AR15*(1-AS15))/AS15,0)<0,0,ROUND((AR15*(1-AS15))/AS15,0)) -> 31 | AU15: ='N1,N2,N3 Restoration'!AX15 -> 0.082232577 | AV15: =H15+J15 -> 36 | AW15: =ROUND((AV15*AU15)/(1-AU15),0) -> 3 | AX15: 27
E16: 1074 | F16: 2203 | G16: =H16+I16+J16+K16+L16+M16+N16+O16+P16 -> 531 | H16: 6 | I16: 47 | J16: 20 | K16: 37 | L16: 230 | M16: 77 | N16: 11 | O16: 19 | P16: 84 | Q16: =G16/F16 -> 0.24103495 | R16: =H16/F16 -> 0.0027235588 | S16: =J16/F16 -> 0.0090785293 | T16: =O16/F16 -> 0.0086246028 | U16: =Q16 -> 0.24103495 | V16: =I16/F16 -> 0.021334544 | W16: =L16/F16 -> 0.10440309 | X16: =K16/F16 -> 0.016795279 | Y16: =Q16 -> 0.24103495 | Z16: =M16/F16 -> 0.034952338 | AA16: =N16/F16 -> 0.0049931911 | AB16: =P16/F16 -> 0.038129823 | AC16: =Q16 -> 0.24103495 | AD16: =(H16+K16+N16)/($F16) -> 0.024512029 | AE16: =(I16+L16+O16)/($F16) -> 0.13436223 | AF16: =(J16+M16+P16)/($F16) -> 0.08216069 | AG16: =$D$7+$D$8*AH16+$D$9*AH16*AH16 -> 0.013517967 | AH16: =Y16 -> 0.24103495 | AI16: =$D$3+$D$5*Q16*Q16+$D$8*Q16 -> 0.012145342 | AJ16: =$D$3+$D$4*AH16+$D$5*AH16*AH16 -> 0.011060685 | AK16: =AA16-AI16 -> -0.0071521507 | AL16: =T16-AJ16 -> -0.0024360817 | AM16: =$D$14*AK16 -> -0.0058062647 | AN16: =AH16 -> 0.24103495 | AO16: =IF(AI16+AM16<0,0,AI16+AM16) -> 0.0063390771 | AP16: =AO16/AA16 -> 1.2695443 | AQ16: =N16 -> 11 | AR16: =ROUND(AP16*N16,0) -> 14 | AS16: ='M1,M2,M3 Restoration'!AU16 -> 0.10823659 | AT16: =IF(ROUND((AR16*(1-AS16))/AS16,0)<0,0,ROUND((AR16*(1-AS16))/AS16,0)) -> 115 | AU16: ='N1,N2,N3 Restoration'!AX16 -> 0.24086765 | AV16: =H16+J16 -> 26 | AW16: =ROUND((AV16*AU16)/(1-AU16),0) -> 8 | AX16: 47
E17: 1302 | F17: 3655 | G17: =H17+I17+J17+K17+L17+M17+N17+O17+P17 -> 615 | H17: 32 | I17: 42 | J17: 14 | K17: 85 | L17: 232 | M17: 60 | N17: 31 | O17: 38 | P17: 81 | Q17: =G17/F17 -> 0.16826265 | R17: =H17/F17 -> 0.00875513 | S17: =J17/F17 -> 0.0038303694 | T17: =O17/F17 -> 0.010396717 | U17: =Q17 -> 0.16826265 | V17: =I17/F17 -> 0.011491108 | W17: =L17/F17 -> 0.063474692 | X17: =K17/F17 -> 0.023255814 | Y17: =Q17 -> 0.16826265 | Z17: =M17/F17 -> 0.016415869 | AA17: =N17/F17 -> 0.0084815321 | AB17: =P17/F17 -> 0.022161423 | AC17: =Q17 -> 0.16826265 | AD17: =(H17+K17+N17)/($F17) -> 0.040492476 | AE17: =(I17+L17+O17)/($F17) -> 0.085362517 | AF17: =(J17+M17+P17)/($F17) -> 0.042407661 | AG17: =$D$7+$D$8*AH17+$D$9*AH17*AH17 -> 0.009678572 | AH17: =Y17 -> 0.16826265 | AI17: =$D$3+$D$5*Q17*Q17+$D$8*Q17 -> 0.008922507 | AJ17: =$D$3+$D$4*AH17+$D$5*AH17*AH17 -> 0.008165325 | AK17: =AA17-AI17 -> -0.00044097483 | AL17: =T17-AJ17 -> 0.0022313918 | AM17: =$D$14*AK17 -> -0.00035799254 | AN17: =AH17 -> 0.16826265 | AO17: =IF(AI17+AM17<0,0,AI17+AM17) -> 0.0085645144 | AP17: =AO17/AA17 -> 1.0097839 | AQ17: =N17 -> 31 | AR17: =ROUND(AP17*N17,0) -> 31 | AS17: ='M1,M2,M3 Restoration'!AU17 -> 0.68359085 | AT17: =IF(ROUND((AR17*(1-AS17))/AS17,0)<0,0,ROUND((AR17*(1-AS17))/AS17,0)) -> 14 | AU17: ='N1,N2,N3 Restoration'!AX17 -> 0.48455455 | AV17: =H17+J17 -> 46 | AW17: =ROUND((AV17*AU17)/(1-AU17),0) -> 43 | AX17: 42
A18: A1 | B18: =SUM(H2:H594) -> 11627 | E18: 1304 | F18: 2660 | G18: =H18+I18+J18+K18+L18+M18+N18+O18+P18 -> 427 | H18: 19 | I18: 40 | J18: 30 | K18: 53 | L18: 145 | M18: 35 | N18: 28 | O18: 13 | P18: 64 | Q18: =G18/F18 -> 0.16052632 | R18: =H18/F18 -> 0.0071428571 | S18: =J18/F18 -> 0.011278195 | T18: =O18/F18 -> 0.004887218 | U18: =Q18 -> 0.16052632 | V18: =I18/F18 -> 0.015037594 | W18: =L18/F18 -> 0.054511278 | X18: =K18/F18 -> 0.019924812 | Y18: =Q18 -> 0.16052632 | Z18: =M18/F18 -> 0.013157895 | AA18: =N18/F18 -> 0.010526316 | AB18: =P18/F18 -> 0.02406015 | AC18: =Q18 -> 0.16052632 | AD18: =(H18+K18+N18)/($F18) -> 0.037593985 | AE18: =(I18+L18+O18)/($F18) -> 0.07443609 | AF18: =(J18+M18+P18)/($F18) -> 0.048496241 | AG18: =$D$7+$D$8*AH18+$D$9*AH18*AH18 -> 0.0092154134 | AH18: =Y18 -> 0.16052632 | AI18: =$D$3+$D$5*Q18*Q18+$D$8*Q18 -> 0.0085120014 | AJ18: =$D$3+$D$4*AH18+$D$5*AH18*AH18 -> 0.007789633 | AK18: =AA18-AI18 -> 0.0020143144 | AL18: =T18-AJ18 -> -0.0029024149 | AM18: =$D$14*AK18 -> 0.0016352623 | AN18: =AH18 -> 0.16052632 | AO18: =IF(AI18+AM18<0,0,AI18+AM18) -> 0.010147264 | AP18: =AO18/AA18 -> 0.96399005 | AQ18: =N18 -> 28 | AR18: =ROUND(AP18*N18,0) -> 27 | AS18: ='M1,M2,M3 Restoration'!AU18 -> 0.42957543 | AT18: =IF(ROUND((AR18*(1-AS18))/AS18,0)<0,0,ROUND((AR18*(1-AS18))/AS18,0)) -> 36 | AU18: ='N1,N2,N3 Restoration'!AX18 -> 0.14432964 | AV18: =H18+J18 -> 49 | AW18: =ROUND((AV18*AU18)/(1-AU18),0) -> 8 | AX18: 40
A19: A2 | B19: =SUM(I2:I594) -> 20748 | E19: 1307 | F19: 2027 | G19: =H19+I19+J19+K19+L19+M19+N19+O19+P19 -> 437 | H19: 29 | I19: 30 | J19: 27 | K19: 66 | L19: 142 | M19: 44 | N19: 18 | O19: 18 | P19: 63 | Q19: =G19/F19 -> 0.21558954 | R19: =H19/F19 -> 0.014306857 | S19: =J19/F19 -> 0.013320178 | T19: =O19/F19 -> 0.0088801184 | U19: =Q19 -> 0.21558954 | V19: =I19/F19 -> 0.014800197 | W19: =L19/F19 -> 0.070054267 | X19: =K19/F19 -> 0.032560434 | Y19: =Q19 -> 0.21558954 | Z19: =M19/F19 -> 0.021706956 | AA19: =N19/F19 -> 0.0088801184 | AB19: =P19/F19 -> 0.031080414 | AC19: =Q19 -> 0.21558954 | AD19: =(H19+K19+N19)/($F19) -> 0.05574741 | AE19: =(I19+L19+O19)/($F19) -> 0.093734583 | AF19: =(J19+M19+P19)/($F19) -> 0.066107548 | AG19: =$D$7+$D$8*AH19+$D$9*AH19*AH19 -> 0.012281828 | AH19: =Y19 -> 0.21558954 | AI19: =$D$3+$D$5*Q19*Q19+$D$8*Q19 -> 0.011149716 | AJ19: =$D$3+$D$4*AH19+$D$5*AH19*AH19 -> 0.010179563 | AK19: =AA19-AI19 -> -0.0022695971 | AL19: =T19-AJ19 -> -0.0012994442 | AM19: =$D$14*AK19 -> -0.0018425062 | AN19: =AH19 -> 0.21558954 | AO19: =IF(AI19+AM19<0,0,AI19+AM19) -> 0.0093072094 | AP19: =AO19/AA19 -> 1.0480952 | AQ19: =N19 -> 18 | AR19: =ROUND(AP19*N19,0) -> 19 | AS19: ='M1,M2,M3 Restoration'!AU19 -> 0.45702291 | AT19: =IF(ROUND((AR19*(1-AS19))/AS19,0)<0,0,ROUND((AR19*(1-AS19))/AS19,0)) -> 23 | AU19: ='N1,N2,N3 Restoration'!AX19 -> 0.21857192 | AV19: =H19+J19 -> 56 | AW19: =ROUND((AV19*AU19)/(1-AU19),0) -> 16 | AX19: 30
A20: A3 | B20: =SUM(J2:J594) -> 13275 | E20: 1318 | F20: 1739 | G20: =H20+I20+J20+K20+L20+M20+N20+O20+P20 -> 214 | H20: 14 | I20: 20 | J20: 12 | K20: 29 | L20: 71 | M20: 29 | N20: 5 | O20: 6 | P20: 28 | Q20: =G20/F20 -> 0.12305923 | R20: =H20/F20 -> 0.0080506038 | S20: =J20/F20 -> 0.0069005175 | T20: =O20/F20 -> 0.0034502588 | U20: =Q20 -> 0.12305923 | V20: =I20/F20 -> 0.011500863 | W20: =L20/F20 -> 0.040828062 | X20: =K20/F20 -> 0.016676251 | Y20: =Q20 -> 0.12305923 | Z20: =M20/F20 -> 0.016676251 | AA20: =N20/F20 -> 0.0028752156 | AB20: =P20/F20 -> 0.016101208 | AC20: =Q20 -> 0.12305923 | AD20: =(H20+K20+N20)/($F20) -> 0.02760207 | AE20: =(I20+L20+O20)/($F20) -> 0.055779183 | AF20: =(J20+M20+P20)/($F20) -> 0.039677976 | AG20: =$D$7+$D$8*AH20+$D$9*AH20*AH20 -> 0.0068227879 | AH20: =Y20 -> 0.12305923 | AI20: =$D$3+$D$5*Q20*Q20+$D$8*Q20 -> 0.0063393159 | AJ20: =$D$3+$D$4*AH20+$D$5*AH20*AH20 -> 0.0057855494 | AK20: =AA20-AI20 -> -0.0034641003 | AL20: =T20-AJ20 -> -0.0023352906 | AM20: =$D$14*AK20 -> -0.0028122287 | AN20: =AH20 -> 0.12305923 | AO20: =IF(AI20+AM20<0,0,AI20+AM20) -> 0.0035270872 | AP20: =AO20/AA20 -> 1.2267209 | AQ20: =N20 -> 5 | AR20: =ROUND(AP20*N20,0) -> 6 | AS20: ='M1,M2,M3 Restoration'!AU20 -> 0.39208976 | AT20: =IF(ROUND((AR20*(1-AS20))/AS20,0)<0,0,ROUND((AR20*(1-AS20))/AS20,0)) -> 9 | AU20: ='N1,N2,N3 Restoration'!AX20 -> 0.26836759 | AV20: =H20+J20 -> 26 | AW20: =ROUND((AV20*AU20)/(1-AU20),0) -> 10 | AX20: 20
A21: B1 | E21: 1327 | F21: 2196 | G21: =H21+I21+J21+K21+L21+M21+N21+O21+P21 -> 264 | H21: 19 | I21: 22 | J21: 15 | K21: 33 | L21: 85 | M21: 23 | N21: 18 | O21: 13 | P21: 36 | Q21: =G21/F21 -> 0.12021858 | R21: =H21/F21 -> 0.0086520947 | S21: =J21/F21 -> 0.0068306011 | T21: =O21/F21 -> 0.0059198543 | U21: =Q21 -> 0.12021858 | V21: =I21/F21 -> 0.010018215 | W21: =L21/F21 -> 0.03870674 | X21: =K21/F21 -> 0.015027322 | Y21: =Q21 -> 0.12021858 | Z21: =M21/F21 -> 0.010473588 | AA21: =N21/F21 -> 0.0081967213 | AB21: =P21/F21 -> 0.016393443 | AC21: =Q21 -> 0.12021858 | AD21: =(H21+K21+N21)/($F21) -> 0.031876138 | AE21: =(I21+L21+O21)/($F21) -> 0.054644809 | AF21: =(J21+M21+P21)/($F21) -> 0.033697632 | AG21: =$D$7+$D$8*AH21+$D$9*AH21*AH21 -> 0.0066312753 | AH21: =Y21 -> 0.12021858 | AI21: =$D$3+$D$5*Q21*Q21+$D$8*Q21 -> 0.0061621085 | AJ21: =$D$3+$D$4*AH21+$D$5*AH21*AH21 -> 0.0056211248 | AK21: =AA21-AI21 -> 0.0020346129 | AL21: =T21-AJ21 -> 0.00029872943 | AM21: =$D$14*AK21 -> 0.001651741 | AN21: =AH21 -> 0.12021858 | AO21: =IF(AI21+AM21<0,0,AI21+AM21) -> 0.0078138495 | AP21: =AO21/AA21 -> 0.95328964 | AQ21: =N21 -> 18 | AR21: =ROUND(AP21*N21,0) -> 17 | AS21: ='M1,M2,M3 Restoration'!AU21 -> 0.61925776 | AT21: =IF(ROUND((AR21*(1-AS21))/AS21,0)<0,0,ROUND((AR21*(1-AS21))/AS21,0)) -> 10 | AU21: ='N1,N2,N3 Restoration'!AX21 -> 0.27490663 | AV21: =H21+J21 -> 34 | AW21: =ROUND((AV21*AU21)/(1-AU21),0) -> 13 | AX21: 22
A22: B2 | E22: 1328 | F22: 1757 | G22: =H22+I22+J22+K22+L22+M22+N22+O22+P22 -> 287 | H22: 11 | I22: 22 | J22: 13 | K22: 38 | L22: 105 | M22: 25 | N22: 20 | O22: 8 | P22: 45 | Q22: =G22/F22 -> 0.16334661 | R22: =H22/F22 -> 0.0062606716 | S22: =J22/F22 -> 0.0073989755 | T22: =O22/F22 -> 0.0045532157 | U22: =Q22 -> 0.16334661 | V22: =I22/F22 -> 0.012521343 | W22: =L22/F22 -> 0.059760956 | X22: =K22/F22 -> 0.021627775 | Y22: =Q22 -> 0.16334661 | Z22: =M22/F22 -> 0.014228799 | AA22: =N22/F22 -> 0.011383039 | AB22: =P22/F22 -> 0.025611838 | AC22: =Q22 -> 0.16334661 | AD22: =(H22+K22+N22)/($F22) -> 0.039271485 | AE22: =(I22+L22+O22)/($F22) -> 0.076835515 | AF22: =(J22+M22+P22)/($F22) -> 0.047239613 | AG22: =$D$7+$D$8*AH22+$D$9*AH22*AH22 -> 0.0093854831 | AH22: =Y22 -> 0.16334661 | AI22: =$D$3+$D$5*Q22*Q22+$D$8*Q22 -> 0.0086631633 | AJ22: =$D$3+$D$4*AH22+$D$5*AH22*AH22 -> 0.0079281035 | AK22: =AA22-AI22 -> 0.002719876 | AL22: =T22-AJ22 -> -0.0033748878 | AM22: =$D$14*AK22 -> 0.0022080519 | AN22: =AH22 -> 0.16334661 | AO22: =IF(AI22+AM22<0,0,AI22+AM22) -> 0.010871215 | AP22: =AO22/AA22 -> 0.95503626 | AQ22: =N22 -> 20 | AR22: =ROUND(AP22*N22,0) -> 19 | AS22: ='M1,M2,M3 Restoration'!AU22 -> 0.49820518 | AT22: =IF(ROUND((AR22*(1-AS22))/AS22,0)<0,0,ROUND((AR22*(1-AS22))/AS22,0)) -> 19 | AU22: ='N1,N2,N3 Restoration'!AX22 -> 0.1717443 | AV22: =H22+J22 -> 24 | AW22: =ROUND((AV22*AU22)/(1-AU22),0) -> 5 | AX22: 22
A23: B3 | E23: 1330 | F23: 1937 | G23: =H23+I23+J23+K23+L23+M23+N23+O23+P23 -> 438 | H23: 27 | I23: 41 | J23: 29 | K23: 69 | L23: 130 | M23: 66 | N23: 21 | O23: 12 | P23: 43 | Q23: =G23/F23 -> 0.22612287 | R23: =H23/F23 -> 0.013939081 | S23: =J23/F23 -> 0.014971606 | T23: =O23/F23 -> 0.0061951471 | U23: =Q23 -> 0.22612287 | V23: =I23/F23 -> 0.021166753 | W23: =L23/F23 -> 0.067114094 | X23: =K23/F23 -> 0.035622096 | Y23: =Q23 -> 0.22612287 | Z23: =M23/F23 -> 0.034073309 | AA23: =N23/F23 -> 0.010841507 | AB23: =P23/F23 -> 0.022199277 | AC23: =Q23 -> 0.22612287 | AD23: =(H23+K23+N23)/($F23) -> 0.060402685 | AE23: =(I23+L23+O23)/($F23) -> 0.094475994 | AF23: =(J23+M23+P23)/($F23) -> 0.071244192 | AG23: =$D$7+$D$8*AH23+$D$9*AH23*AH23 -> 0.012807407 | AH23: =Y23 -> 0.22612287 | AI23: =$D$3+$D$5*Q23*Q23+$D$8*Q23 -> 0.011578984 | AJ23: =$D$3+$D$4*AH23+$D$5*AH23*AH23 -> 0.010561431 | AK23: =AA23-AI23 -> -0.00073747647 | AL23: =T23-AJ23 -> -0.0043662839 | AM23: =$D$14*AK23 -> -0.00059869874 | AN23: =AH23 -> 0.22612287 | AO23: =IF(AI23+AM23<0,0,AI23+AM23) -> 0.010980285 | AP23: =AO23/AA23 -> 1.0128006 | AQ23: =N23 -> 21 | AR23: =ROUND(AP23*N23,0) -> 21 | AS23: ='M1,M2,M3 Restoration'!AU23 -> 0.54405751 | AT23: =IF(ROUND((AR23*(1-AS23))/AS23,0)<0,0,ROUND((AR23*(1-AS23))/AS23,0)) -> 18 | AU23: ='N1,N2,N3 Restoration'!AX23 -> 0.2065361 | AV23: =H23+J23 -> 56 | AW23: =ROUND((AV23*AU23)/(1-AU23),0) -> 15 | AX23: 41
A24: C1 | B24: =SUM(N2:N594) -> 13901 | E24: 1331 | F24: 1777 | G24: =H24+I24+J24+K24+L24+M24+N24+O24+P24 -> 270 | H24: 11 | I24: 30 | J24: 24 | K24: 27 | L24: 86 | M24: 31 | N24: 11 | O24: 6 | P24: 44 | Q24: =G24/F24 -> 0.15194147 | R24: =H24/F24 -> 0.0061902082 | S24: =J24/F24 -> 0.013505909 | T24: =O24/F24 -> 0.0033764772 | U24: =Q24 -> 0.15194147 | V24: =I24/F24 -> 0.016882386 | W24: =L24/F24 -> 0.048396173 | X24: =K24/F24 -> 0.015194147 | Y24: =Q24 -> 0.15194147 | Z24: =M24/F24 -> 0.017445132 | AA24: =N24/F24 -> 0.0061902082 | AB24: =P24/F24 -> 0.024760833 | AC24: =Q24 -> 0.15194147 | AD24: =(H24+K24+N24)/($F24) -> 0.027574564 | AE24: =(I24+L24+O24)/($F24) -> 0.068655037 | AF24: =(J24+M24+P24)/($F24) -> 0.055711874 | AG24: =$D$7+$D$8*AH24+$D$9*AH24*AH24 -> 0.0086890846 | AH24: =Y24 -> 0.15194147 | AI24: =$D$3+$D$5*Q24*Q24+$D$8*Q24 -> 0.0080412 | AJ24: =$D$3+$D$4*AH24+$D$5*AH24*AH24 -> 0.0073574634 | AK24: =AA24-AI24 -> -0.0018509918 | AL24: =T24-AJ24 -> -0.0039809862 | AM24: =$D$14*AK24 -> -0.0015026736 | AN24: =AH24 -> 0.15194147 | AO24: =IF(AI24+AM24<0,0,AI24+AM24) -> 0.0065385264 | AP24: =AO24/AA24 -> 1.0562692 | AQ24: =N24 -> 11 | AR24: =ROUND(AP24*N24,0) -> 12 | AS24: ='M1,M2,M3 Restoration'!AU24 -> 0.24629817 | AT24: =IF(ROUND((AR24*(1-AS24))/AS24,0)<0,0,ROUND((AR24*(1-AS24))/AS24,0)) -> 37 | AU24: ='N1,N2,N3 Restoration'!AX24 -> 0.079719111 | AV24: =H24+J24 -> 35 | AW24: =ROUND((AV24*AU24)/(1-AU24),0) -> 3 | AX24: 30
A25: C2 | B25: =SUM(O2:O594) -> 11290 | E25: 1333 | F25: 1478 | G25: =H25+I25+J25+K25+L25+M25+N25+O25+P25 -> 310 | H25: 19 | I25: 36 | J25: 17 | K25: 50 | L25: 82 | M25: 37 | N25: 11 | O25: 19 | P25: 39 | Q25: =G25/F25 -> 0.2097429 | R25: =H25/F25 -> 0.01285521 | S25: =J25/F25 -> 0.01150203 | T25: =O25/F25 -> 0.01285521 | U25: =Q25 -> 0.2097429 | V25: =I25/F25 -> 0.02435724 | W25: =L25/F25 -> 0.055480379 | X25: =K25/F25 -> 0.033829499 | Y25: =Q25 -> 0.2097429 | Z25: =M25/F25 -> 0.02503383 | AA25: =N25/F25 -> 0.0074424899 | AB25: =P25/F25 -> 0.026387009 | AC25: =Q25 -> 0.2097429 | AD25: =(H25+K25+N25)/($F25) -> 0.054127199 | AE25: =(I25+L25+O25)/($F25) -> 0.092692828 | AF25: =(J25+M25+P25)/($F25) -> 0.062922869 | AG25: =$D$7+$D$8*AH25+$D$9*AH25*AH25 -> 0.011981643 | AH25: =Y25 -> 0.2097429 | AI25: =$D$3+$D$5*Q25*Q25+$D$8*Q25 -> 0.010901006 | AJ25: =$D$3+$D$4*AH25+$D$5*AH25*AH25 -> 0.0099571634 | AK25: =AA25-AI25 -> -0.0034585166 | AL25: =T25-AJ25 -> 0.0028980463 | AM25: =$D$14*AK25 -> -0.0028076957 | AN25: =AH25 -> 0.2097429 | AO25: =IF(AI25+AM25<0,0,AI25+AM25) -> 0.0080933107 | AP25: =AO25/AA25 -> 1.0874467 | AQ25: =N25 -> 11 | AR25: =ROUND(AP25*N25,0) -> 12 | AS25: ='M1,M2,M3 Restoration'!AU25 -> 0.46266853 | AT25: =IF(ROUND((AR25*(1-AS25))/AS25,0)<0,0,ROUND((AR25*(1-AS25))/AS25,0)) -> 14 | AU25: ='N1,N2,N3 Restoration'!AX25 -> 0.46805554 | AV25: =H25+J25 -> 36 | AW25: =ROUND((AV25*AU25)/(1-AU25),0) -> 32 | AX25: 36
A26: C3 | B26: =SUM(P2:P594) -> 36953 | E26: 1334 | F26: 1815 | G26: =H26+I26+J26+K26+L26+M26+N26+O26+P26 -> 328 | H26: 17 | I26: 31 | J26: 18 | K26: 52 | L26: 117 | M26: 29 | N26: 14 | O26: 11 | P26: 39 | Q26: =G26/F26 -> 0.18071625 | R26: =H26/F26 -> 0.0093663912 | S26: =J26/F26 -> 0.0099173554 | T26: =O26/F26 -> 0.0060606061 | U26: =Q26 -> 0.18071625 | V26: =I26/F26 -> 0.01707989 | W26: =L26/F26 -> 0.06446281 | X26: =K26/F26 -> 0.028650138 | Y26: =Q26 -> 0.18071625 | Z26: =M26/F26 -> 0.015977961 | AA26: =N26/F26 -> 0.0077134986 | AB26: =P26/F26 -> 0.021487603 | AC26: =Q26 -> 0.18071625 | AD26: =(H26+K26+N26)/($F26) -> 0.045730028 | AE26: =(I26+L26+O26)/($F26) -> 0.087603306 | AF26: =(J26+M26+P26)/($F26) -> 0.04738292 | AG26: =$D$7+$D$8*AH26+$D$9*AH26*AH26 -> 0.010401941 | AH26: =Y26 -> 0.18071625 | AI26: =$D$3+$D$5*Q26*Q26+$D$8*Q26 -> 0.0095559132 | AJ26: =$D$3+$D$4*AH26+$D$5*AH26*AH26 -> 0.0087426901 | AK26: =AA26-AI26 -> -0.0018424146 | AL26: =T26-AJ26 -> -0.002682084 | AM26: =$D$14*AK26 -> -0.0014957105 | AN26: =AH26 -> 0.18071625 | AO26: =IF(AI26+AM26<0,0,AI26+AM26) -> 0.0080602027 | AP26: =AO26/AA26 -> 1.0449477 | AQ26: =N26 -> 14 | AR26: =ROUND(AP26*N26,0) -> 15 | AS26: ='M1,M2,M3 Restoration'!AU26 -> 0.47582189 | AT26: =IF(ROUND((AR26*(1-AS26))/AS26,0)<0,0,ROUND((AR26*(1-AS26))/AS26,0)) -> 17 | AU26: ='N1,N2,N3 Restoration'!AX26 -> 0.26422699 | AV26: =H26+J26 -> 35 | AW26: =ROUND((AV26*AU26)/(1-AU26),0) -> 13 | AX26: 31
E27: 1335 | F27: 1591 | G27: =H27+I27+J27+K27+L27+M27+N27+O27+P27 -> 367 | H27: 11 | I27: 30 | J27: 27 | K27: 57 | L27: 121 | M27: 34 | N27: 12 | O27: 16 | P27: 59 | Q27: =G27/F27 -> 0.23067253 | R27: =H27/F27 -> 0.0069138906 | S27: =J27/F27 -> 0.016970459 | T27: =O27/F27 -> 0.010056568 | U27: =Q27 -> 0.23067253 | V27: =I27/F27 -> 0.018856065 | W27: =L27/F27 -> 0.076052797 | X27: =K27/F27 -> 0.035826524 | Y27: =Q27 -> 0.23067253 | Z27: =M27/F27 -> 0.021370207 | AA27: =N27/F27 -> 0.0075424261 | AB27: =P27/F27 -> 0.037083595 | AC27: =Q27 -> 0.23067253 | AD27: =(H27+K27+N27)/($F27) -> 0.050282841 | AE27: =(I27+L27+O27)/($F27) -> 0.10496543 | AF27: =(J27+M27+P27)/($F27) -> 0.075424261 | AG27: =$D$7+$D$8*AH27+$D$9*AH27*AH27 -> 0.013028361 | AH27: =Y27 -> 0.23067253 | AI27: =$D$3+$D$5*Q27*Q27+$D$8*Q27 -> 0.011756918 | AJ27: =$D$3+$D$4*AH27+$D$5*AH27*AH27 -> 0.010718892 | AK27: =AA27-AI27 -> -0.0042144919 | AL27: =T27-AJ27 -> -0.00066232348 | AM27: =$D$14*AK27 -> -0.0034214122 | AN27: =AH27 -> 0.23067253 | AO27: =IF(AI27+AM27<0,0,AI27+AM27) -> 0.0083355058 | AP27: =AO27/AA27 -> 1.1051491 | AQ27: =N27 -> 12 | AR27: =ROUND(AP27*N27,0) -> 13 | AS27: ='M1,M2,M3 Restoration'!AU27 -> 0.20505313 | AT27: =IF(ROUND((AR27*(1-AS27))/AS27,0)<0,0,ROUND((AR27*(1-AS27))/AS27,0)) -> 50 | AU27: ='N1,N2,N3 Restoration'!AX27 -> 0.17742351 | AV27: =H27+J27 -> 38 | AW27: =ROUND((AV27*AU27)/(1-AU27),0) -> 8 | AX27: 30
A28: A2 restored | B28: =SUM(AW2:AW594) -> 9682 | E28: 1336 | F28: 1443 | G28: =H28+I28+J28+K28+L28+M28+N28+O28+P28 -> 235 | H28: 17 | I28: 34 | J28: 7 | K28: 26 | L28: 80 | M28: 10 | N28: 7 | O28: 10 | P28: 44 | Q28: =G28/F28 -> 0.16285516 | R28: =H28/F28 -> 0.011781012 | S28: =J28/F28 -> 0.0048510049 | T28: =O28/F28 -> 0.0069300069 | U28: =Q28 -> 0.16285516 | V28: =I28/F28 -> 0.023562024 | W28: =L28/F28 -> 0.055440055 | X28: =K28/F28 -> 0.018018018 | Y28: =Q28 -> 0.16285516 | Z28: =M28/F28 -> 0.0069300069 | AA28: =N28/F28 -> 0.0048510049 | AB28: =P28/F28 -> 0.03049203 | AC28: =Q28 -> 0.16285516 | AD28: =(H28+K28+N28)/($F28) -> 0.034650035 | AE28: =(I28+L28+O28)/($F28) -> 0.085932086 | AF28: =(J28+M28+P28)/($F28) -> 0.042273042 | AG28: =$D$7+$D$8*AH28+$D$9*AH28*AH28 -> 0.0093559487 | AH28: =Y28 -> 0.16285516 | AI28: =$D$3+$D$5*Q28*Q28+$D$8*Q28 -> 0.0086369473 | AJ28: =$D$3+$D$4*AH28+$D$5*AH28*AH28 -> 0.0079040991 | AK28: =AA28-AI28 -> -0.0037859425 | AL28: =T28-AJ28 -> -0.00097409217 | AM28: =$D$14*AK28 -> -0.0030735069 | AN28: =AH28 -> 0.16285516 | AO28: =IF(AI28+AM28<0,0,AI28+AM28) -> 0.0055634405 | AP28: =AO28/AA28 -> 1.1468635 | AQ28: =N28 -> 7 | AR28: =ROUND(AP28*N28,0) -> 8 | AS28: ='M1,M2,M3 Restoration'!AU28 -> 0.54372325 | AT28: =IF(ROUND((AR28*(1-AS28))/AS28,0)<0,0,ROUND((AR28*(1-AS28))/AS28,0)) -> 7 | AU28: ='N1,N2,N3 Restoration'!AX28 -> 0.53294615 | AV28: =H28+J28 -> 24 | AW28: =ROUND((AV28*AU28)/(1-AU28),0) -> 27 | AX28: 34
E29: 1341 | F29: 2852 | G29: =H29+I29+J29+K29+L29+M29+N29+O29+P29 -> 491 | H29: 24 | I29: 37 | J29: 28 | K29: 66 | L29: 177 | M29: 60 | N29: 17 | O29: 12 | P29: 70 | Q29: =G29/F29 -> 0.17215989 | R29: =H29/F29 -> 0.0084151473 | S29: =J29/F29 -> 0.0098176718 | T29: =O29/F29 -> 0.0042075736 | U29: =Q29 -> 0.17215989 | V29: =I29/F29 -> 0.012973352 | W29: =L29/F29 -> 0.062061711 | X29: =K29/F29 -> 0.023141655 | Y29: =Q29 -> 0.17215989 | Z29: =M29/F29 -> 0.021037868 | AA29: =N29/F29 -> 0.0059607293 | AB29: =P29/F29 -> 0.02454418 | AC29: =Q29 -> 0.17215989 | AD29: =(H29+K29+N29)/($F29) -> 0.037517532 | AE29: =(I29+L29+O29)/($F29) -> 0.079242637 | AF29: =(J29+M29+P29)/($F29) -> 0.055399719 | AG29: =$D$7+$D$8*AH29+$D$9*AH29*AH29 -> 0.0099078879 | AH29: =Y29 -> 0.17215989 | AI29: =$D$3+$D$5*Q29*Q29+$D$8*Q29 -> 0.0091243601 | AJ29: =$D$3+$D$4*AH29+$D$5*AH29*AH29 -> 0.0083496406 | AK29: =AA29-AI29 -> -0.0031636308 | AL29: =T29-AJ29 -> -0.004142067 | AM29: =$D$14*AK29 -> -0.0025683013 | AN29: =AH29 -> 0.17215989 | AO29: =IF(AI29+AM29<0,0,AI29+AM29) -> 0.0065560588 | AP29: =AO29/AA29 -> 1.0998753 | AQ29: =N29 -> 17 | AR29: =ROUND(AP29*N29,0) -> 19 | AS29: ='M1,M2,M3 Restoration'!AU29 -> 0.37299771 | AT29: =IF(ROUND((AR29*(1-AS29))/AS29,0)<0,0,ROUND((AR29*(1-AS29))/AS29,0)) -> 32 | AU29: ='N1,N2,N3 Restoration'!AX29 -> 0.14477324 | AV29: =H29+J29 -> 52 | AW29: =ROUND((AV29*AU29)/(1-AU29),0) -> 9 | AX29: 37
A30: C1 restored | B30: =SUM(AR2:AR594) -> 13601 | E30: 1343 | F30: 1018 | G30: =H30+I30+J30+K30+L30+M30+N30+O30+P30 -> 200 | H30: 11 | I30: 19 | J30: 8 | K30: 30 | L30: 50 | M30: 21 | N30: 14 | O30: 9 | P30: 38 | Q30: =G30/F30 -> 0.19646365 | R30: =H30/F30 -> 0.010805501 | S30: =J30/F30 -> 0.0078585462 | T30: =O30/F30 -> 0.0088408644 | U30: =Q30 -> 0.19646365 | V30: =I30/F30 -> 0.018664047 | W30: =L30/F30 -> 0.049115914 | X30: =K30/F30 -> 0.029469548 | Y30: =Q30 -> 0.19646365 | Z30: =M30/F30 -> 0.020628684 | AA30: =N30/F30 -> 0.013752456 | AB30: =P30/F30 -> 0.037328094 | AC30: =Q30 -> 0.19646365 | AD30: =(H30+K30+N30)/($F30) -> 0.054027505 | AE30: =(I30+L30+O30)/($F30) -> 0.076620825 | AF30: =(J30+M30+P30)/($F30) -> 0.065815324 | AG30: =$D$7+$D$8*AH30+$D$9*AH30*AH30 -> 0.011277418 | AH30: =Y30 -> 0.19646365 | AI30: =$D$3+$D$5*Q30*Q30+$D$8*Q30 -> 0.01030844 | AJ30: =$D$3+$D$4*AH30+$D$5*AH30*AH30 -> 0.009424354 | AK30: =AA30-AI30 -> 0.0034440154 | AL30: =T30-AJ30 -> -0.00058348953 | AM30: =$D$14*AK30 -> 0.0027959233 | AN30: =AH30 -> 0.19646365 | AO30: =IF(AI30+AM30<0,0,AI30+AM30) -> 0.013104364 | AP30: =AO30/AA30 -> 0.95287445 | AQ30: =N30 -> 14 | AR30: =ROUND(AP30*N30,0) -> 13 | AS30: ='M1,M2,M3 Restoration'!AU30 -> 0.5664659 | AT30: =IF(ROUND((AR30*(1-AS30))/AS30,0)<0,0,ROUND((AR30*(1-AS30))/AS30,0)) -> 10 | AU30: ='N1,N2,N3 Restoration'!AX30 -> 0.3162409 | AV30: =H30+J30 -> 19 | AW30: =ROUND((AV30*AU30)/(1-AU30),0) -> 9 | AX30: 19
E31: 1344 | F31: 1496 | G31: =H31+I31+J31+K31+L31+M31+N31+O31+P31 -> 269 | H31: 22 | I31: 29 | J31: 13 | K31: 49 | L31: 74 | M31: 30 | N31: 8 | O31: 6 | P31: 38 | Q31: =G31/F31 -> 0.17981283 | R31: =H31/F31 -> 0.014705882 | S31: =J31/F31 -> 0.0086898396 | T31: =O31/F31 -> 0.0040106952 | U31: =Q31 -> 0.17981283 | V31: =I31/F31 -> 0.019385027 | W31: =L31/F31 -> 0.049465241 | X31: =K31/F31 -> 0.032754011 | Y31: =Q31 -> 0.17981283 | Z31: =M31/F31 -> 0.020053476 | AA31: =N31/F31 -> 0.0053475936 | AB31: =P31/F31 -> 0.02540107 | AC31: =Q31 -> 0.17981283 | AD31: =(H31+K31+N31)/($F31) -> 0.052807487 | AE31: =(I31+L31+O31)/($F31) -> 0.072860963 | AF31: =(J31+M31+P31)/($F31) -> 0.054144385 | AG31: =$D$7+$D$8*AH31+$D$9*AH31*AH31 -> 0.010350387 | AH31: =Y31 -> 0.17981283 | AI31: =$D$3+$D$5*Q31*Q31+$D$8*Q31 -> 0.0095111015 | AJ31: =$D$3+$D$4*AH31+$D$5*AH31*AH31 -> 0.0087019438 | AK31: =AA31-AI31 -> -0.0041635079 | AL31: =T31-AJ31 -> -0.0046912486 | AM31: =$D$14*AK31 -> -0.0033800224 | AN31: =AH31 -> 0.17981283 | AO31: =IF(AI31+AM31<0,0,AI31+AM31) -> 0.0061310792 | AP31: =AO31/AA31 -> 1.1465118 | AQ31: =N31 -> 8 | AR31: =ROUND(AP31*N31,0) -> 9 | AS31: ='M1,M2,M3 Restoration'!AU31 -> 0.50399487 | AT31: =IF(ROUND((AR31*(1-AS31))/AS31,0)<0,0,ROUND((AR31*(1-AS31))/AS31,0)) -> 9 | AU31: ='N1,N2,N3 Restoration'!AX31 -> 0.24396435 | AV31: =H31+J31 -> 35 | AW31: =ROUND((AV31*AU31)/(1-AU31),0) -> 11 | AX31: 29
A32: C3 restored | B32: =SUM(AT2:AT594) -> 17008 | E32: 1346 | F32: 2581 | G32: =H32+I32+J32+K32+L32+M32+N32+O32+P32 -> 729 | H32: 34 | I32: 44 | J32: 52 | K32: 147 | L32: 231 | M32: 65 | N32: 29 | O32: 31 | P32: 96 | Q32: =G32/F32 -> 0.28244866 | R32: =H32/F32 -> 0.013173189 | S32: =J32/F32 -> 0.02014723 | T32: =O32/F32 -> 0.012010849 | U32: =Q32 -> 0.28244866 | V32: =I32/F32 -> 0.017047656 | W32: =L32/F32 -> 0.089500194 | X32: =K32/F32 -> 0.056954669 | Y32: =Q32 -> 0.28244866 | Z32: =M32/F32 -> 0.025184037 | AA32: =N32/F32 -> 0.011235955 | AB32: =P32/F32 -> 0.037194886 | AC32: =Q32 -> 0.28244866 | AD32: =(H32+K32+N32)/($F32) -> 0.081363812 | AE32: =(I32+L32+O32)/($F32) -> 0.1185587 | AF32: =(J32+M32+P32)/($F32) -> 0.082526153 | AG32: =$D$7+$D$8*AH32+$D$9*AH32*AH32 -> 0.015285355 | AH32: =Y32 -> 0.28244866 | AI32: =$D$3+$D$5*Q32*Q32+$D$8*Q32 -> 0.013463966 | AJ32: =$D$3+$D$4*AH32+$D$5*AH32*AH32 -> 0.012192947 | AK32: =AA32-AI32 -> -0.0022280111 | AL32: =T32-AJ32 -> -0.00018209871 | AM32: =$D$14*AK32 -> -0.0018087458 | AN32: =AH32 -> 0.28244866 | AO32: =IF(AI32+AM32<0,0,AI32+AM32) -> 0.01165522 | AP32: =AO32/AA32 -> 1.0373146 | AQ32: =N32 -> 29 | AR32: =ROUND(AP32*N32,0) -> 30 | AS32: ='M1,M2,M3 Restoration'!AU32 -> 0.36183334 | AT32: =IF(ROUND((AR32*(1-AS32))/AS32,0)<0,0,ROUND((AR32*(1-AS32))/AS32,0)) -> 53 | AU32: ='N1,N2,N3 Restoration'!AX32 -> 0.18878767 | AV32: =H32+J32 -> 86 | AW32: =ROUND((AV32*AU32)/(1-AU32),0) -> 20 | AX32: 44
E33: 1348 | F33: 1808 | G33: =H33+I33+J33+K33+L33+M33+N33+O33+P33 -> 258 | H33: 11 | I33: 28 | J33: 20 | K33: 34 | L33: 76 | M33: 24 | N33: 8 | O33: 16 | P33: 41 | Q33: =G33/F33 -> 0.14269911 | R33: =H33/F33 -> 0.0060840708 | S33: =J33/F33 -> 0.011061947 | T33: =O33/F33 -> 0.0088495575 | U33: =Q33 -> 0.14269911 | V33: =I33/F33 -> 0.015486726 | W33: =L33/F33 -> 0.042035398 | X33: =K33/F33 -> 0.01880531 | Y33: =Q33 -> 0.14269911 | Z33: =M33/F33 -> 0.013274336 | AA33: =N33/F33 -> 0.0044247788 | AB33: =P33/F33 -> 0.022676991 | AC33: =Q33 -> 0.14269911 | AD33: =(H33+K33+N33)/($F33) -> 0.029314159 | AE33: =(I33+L33+O33)/($F33) -> 0.066371681 | AF33: =(J33+M33+P33)/($F33) -> 0.047013274 | AG33: =$D$7+$D$8*AH33+$D$9*AH33*AH33 -> 0.0081078951 | AH33: =Y33 -> 0.14269911 | AI33: =$D$3+$D$5*Q33*Q33+$D$8*Q33 -> 0.0075163802 | AJ33: =$D$3+$D$4*AH33+$D$5*AH33*AH33 -> 0.0068742342 | AK33: =AA33-AI33 -> -0.0030916015 | AL33: =T33-AJ33 -> 0.0019753233 | AM33: =$D$14*AK33 -> -0.0025098264 | AN33: =AH33 -> 0.14269911 | AO33: =IF(AI33+AM33<0,0,AI33+AM33) -> 0.0050065538 | AP33: =AO33/AA33 -> 1.1314812 | AQ33: =N33 -> 8 | AR33: =ROUND(AP33*N33,0) -> 9 | AS33: ='M1,M2,M3 Restoration'!AU33 -> 0.24876151 | AT33: =IF(ROUND((AR33*(1-AS33))/AS33,0)<0,0,ROUND((AR33*(1-AS33))/AS33,0)) -> 27 | AU33: ='N1,N2,N3 Restoration'!AX33 -> 0.3279303 | AV33: =H33+J33 -> 31 | AW33: =ROUND((AV33*AU33)/(1-AU33),0) -> 15 | AX33: 28
E34: 1349 | F34: 1790 | G34: =H34+I34+J34+K34+L34+M34+N34+O34+P34 -> 222 | H34: 11 | I34: 17 | J34: 13 | K34: 21 | L34: 68 | M34: 29 | N34: 15 | O34: 10 | P34: 38 | Q34: =G34/F34 -> 0.12402235 | R34: =H34/F34 -> 0.0061452514 | S34: =J34/F34 -> 0.0072625698 | T34: =O34/F34 -> 0.0055865922 | U34: =Q34 -> 0.12402235 | V34: =I34/F34 -> 0.0094972067 | W34: =L34/F34 -> 0.037988827 | X34: =K34/F34 -> 0.011731844 | Y34: =Q34 -> 0.12402235 | Z34: =M34/F34 -> 0.016201117 | AA34: =N34/F34 -> 0.0083798883 | AB34: =P34/F34 -> 0.02122905 | AC34: =Q34 -> 0.12402235 | AD34: =(H34+K34+N34)/($F34) -> 0.026256983 | AE34: =(I34+L34+O34)/($F34) -> 0.053072626 | AF34: =(J34+M34+P34)/($F34) -> 0.044692737 | AG34: =$D$7+$D$8*AH34+$D$9*AH34*AH34 -> 0.0068873964 | AH34: =Y34 -> 0.12402235 | AI34: =$D$3+$D$5*Q34*Q34+$D$8*Q34 -> 0.0063989985 | AJ34: =$D$3+$D$4*AH34+$D$5*AH34*AH34 -> 0.0058408979 | AK34: =AA34-AI34 -> 0.0019808898 | AL34: =T34-AJ34 -> -0.00025430573 | AM34: =$D$14*AK34 -> 0.0016081276 | AN34: =AH34 -> 0.12402235 | AO34: =IF(AI34+AM34<0,0,AI34+AM34) -> 0.008007126 | AP34: =AO34/AA34 -> 0.95551704 | AQ34: =N34 -> 15 | AR34: =ROUND(AP34*N34,0) -> 14 | AS34: ='M1,M2,M3 Restoration'!AU34 -> 0.4723676 | AT34: =IF(ROUND((AR34*(1-AS34))/AS34,0)<0,0,ROUND((AR34*(1-AS34))/AS34,0)) -> 16 | AU34: ='N1,N2,N3 Restoration'!AX34 -> 0.21137389 | AV34: =H34+J34 -> 24 | AW34: =ROUND((AV34*AU34)/(1-AU34),0) -> 6 | AX34: 17
A35: A2 boost | B35: =B19/B28 -> 2.1429457 | E35: 1351 | F35: 3110 | G35: =H35+I35+J35+K35+L35+M35+N35+O35+P35 -> 437 | H35: 17 | I35: 54 | J35: 20 | K35: 57 | L35: 138 | M35: 51 | N35: 25 | O35: 13 | P35: 62 | Q35: =G35/F35 -> 0.14051447 | R35: =H35/F35 -> 0.0054662379 | S35: =J35/F35 -> 0.0064308682 | T35: =O35/F35 -> 0.0041800643 | U35: =Q35 -> 0.14051447 | V35: =I35/F35 -> 0.017363344 | W35: =L35/F35 -> 0.04437299 | X35: =K35/F35 -> 0.018327974 | Y35: =Q35 -> 0.14051447 | Z35: =M35/F35 -> 0.016398714 | AA35: =N35/F35 -> 0.0080385852 | AB35: =P35/F35 -> 0.019935691 | AC35: =Q35 -> 0.14051447 | AD35: =(H35+K35+N35)/($F35) -> 0.031832797 | AE35: =(I35+L35+O35)/($F35) -> 0.065916399 | AF35: =(J35+M35+P35)/($F35) -> 0.042765273 | AG35: =$D$7+$D$8*AH35+$D$9*AH35*AH35 -> 0.0079683132 | AH35: =Y35 -> 0.14051447 | AI35: =$D$3+$D$5*Q35*Q35+$D$8*Q35 -> 0.0073896059 | AJ35: =$D$3+$D$4*AH35+$D$5*AH35*AH35 -> 0.0067572908 | AK35: =AA35-AI35 -> 0.00064897933 | AL35: =T35-AJ35 -> -0.0025772265 | AM35: =$D$14*AK35 -> 0.00052685492 | AN35: =AH35 -> 0.14051447 | AO35: =IF(AI35+AM35<0,0,AI35+AM35) -> 0.0079164608 | AP35: =AO35/AA35 -> 0.98480772 | AQ35: =N35 -> 25 | AR35: =ROUND(AP35*N35,0) -> 25 | AS35: ='M1,M2,M3 Restoration'!AU35 -> 0.47810126 | AT35: =IF(ROUND((AR35*(1-AS35))/AS35,0)<0,0,ROUND((AR35*(1-AS35))/AS35,0)) -> 27 | AU35: ='N1,N2,N3 Restoration'!AX35 -> 0.30336918 | AV35: =H35+J35 -> 37 | AW35: =ROUND((AV35*AU35)/(1-AU35),0) -> 16 | AX35: 54
A36: C1 boost | B36: =B24/B30 -> 1.0220572 | E36: 1352 | F36: 1460 | G36: =H36+I36+J36+K36+L36+M36+N36+O36+P36 -> 223 | H36: 9 | I36: 19 | J36: 14 | K36: 26 | L36: 65 | M36: 28 | N36: 8 | O36: 8 | P36: 46 | Q36: =G36/F36 -> 0.15273973 | R36: =H36/F36 -> 0.0061643836 | S36: =J36/F36 -> 0.0095890411 | T36: =O36/F36 -> 0.0054794521 | U36: =Q36 -> 0.15273973 | V36: =I36/F36 -> 0.013013699 | W36: =L36/F36 -> 0.044520548 | X36: =K36/F36 -> 0.017808219 | Y36: =Q36 -> 0.15273973 | Z36: =M36/F36 -> 0.019178082 | AA36: =N36/F36 -> 0.0054794521 | AB36: =P36/F36 -> 0.031506849 | AC36: =Q36 -> 0.15273973 | AD36: =(H36+K36+N36)/($F36) -> 0.029452055 | AE36: =(I36+L36+O36)/($F36) -> 0.063013699 | AF36: =(J36+M36+P36)/($F36) -> 0.060273973 | AG36: =$D$7+$D$8*AH36+$D$9*AH36*AH36 -> 0.0087385735 | AH36: =Y36 -> 0.15273973 | AI36: =$D$3+$D$5*Q36*Q36+$D$8*Q36 -> 0.0080856544 | AJ36: =$D$3+$D$4*AH36+$D$5*AH36*AH36 -> 0.0073983257 | AK36: =AA36-AI36 -> -0.0026062024 | AL36: =T36-AJ36 -> -0.0019188736 | AM36: =$D$14*AK36 -> -0.0021157693 | AN36: =AH36 -> 0.15273973 | AO36: =IF(AI36+AM36<0,0,AI36+AM36) -> 0.0059698851 | AP36: =AO36/AA36 -> 1.089504 | AQ36: =N36 -> 8 | AR36: =ROUND(AP36*N36,0) -> 9 | AS36: ='M1,M2,M3 Restoration'!AU36 -> 0.25730567 | AT36: =IF(ROUND((AR36*(1-AS36))/AS36,0)<0,0,ROUND((AR36*(1-AS36))/AS36,0)) -> 26 | AU36: ='N1,N2,N3 Restoration'!AX36 -> 0.16763808 | AV36: =H36+J36 -> 23 | AW36: =ROUND((AV36*AU36)/(1-AU36),0) -> 5 | AX36: 19
A37: C3 boost | B37: =B26/B32 -> 2.1726834 | E37: 1353 | F37: 2590 | G37: =H37+I37+J37+K37+L37+M37+N37+O37+P37 -> 288 | H37: 14 | I37: 26 | J37: 14 | K37: 28 | L37: 92 | M37: 31 | N37: 19 | O37: 17 | P37: 47 | Q37: =G37/F37 -> 0.11119691 | R37: =H37/F37 -> 0.0054054054 | S37: =J37/F37 -> 0.0054054054 | T37: =O37/F37 -> 0.0065637066 | U37: =Q37 -> 0.11119691 | V37: =I37/F37 -> 0.01003861 | W37: =L37/F37 -> 0.035521236 | X37: =K37/F37 -> 0.010810811 | Y37: =Q37 -> 0.11119691 | Z37: =M37/F37 -> 0.011969112 | AA37: =N37/F37 -> 0.0073359073 | AB37: =P37/F37 -> 0.018146718 | AC37: =Q37 -> 0.11119691 | AD37: =(H37+K37+N37)/($F37) -> 0.023552124 | AE37: =(I37+L37+O37)/($F37) -> 0.052123552 | AF37: =(J37+M37+P37)/($F37) -> 0.035521236 | AG37: =$D$7+$D$8*AH37+$D$9*AH37*AH37 -> 0.0060135977 | AH37: =Y37 -> 0.11119691 | AI37: =$D$3+$D$5*Q37*Q37+$D$8*Q37 -> 0.0055876473 | AJ37: =$D$3+$D$4*AH37+$D$5*AH37*AH37 -> 0.0050872612 | AK37: =AA37-AI37 -> 0.00174826 | AL37: =T37-AJ37 -> 0.0014764453 | AM37: =$D$14*AK37 -> 0.0014192739 | AN37: =AH37 -> 0.11119691 | AO37: =IF(AI37+AM37<0,0,AI37+AM37) -> 0.0070069212 | AP37: =AO37/AA37 -> 0.95515399 | AQ37: =N37 -> 19 | AR37: =ROUND(AP37*N37,0) -> 18 | AS37: ='M1,M2,M3 Restoration'!AU37 -> 0.51575297 | AT37: =IF(ROUND((AR37*(1-AS37))/AS37,0)<0,0,ROUND((AR37*(1-AS37))/AS37,0)) -> 17 | AU37: ='N1,N2,N3 Restoration'!AX37 -> 0.35659226 | AV37: =H37+J37 -> 28 | AW37: =ROUND((AV37*AU37)/(1-AU37),0) -> 16 | AX37: 26
E38: 1354 | F38: 3282 | G38: =H38+I38+J38+K38+L38+M38+N38+O38+P38 -> 441 | H38: 18 | I38: 41 | J38: 28 | K38: 42 | L38: 136 | M38: 47 | N38: 26 | O38: 14 | P38: 89 | Q38: =G38/F38 -> 0.13436929 | R38: =H38/F38 -> 0.0054844607 | S38: =J38/F38 -> 0.0085313833 | T38: =O38/F38 -> 0.0042656917 | U38: =Q38 -> 0.13436929 | V38: =I38/F38 -> 0.012492383 | W38: =L38/F38 -> 0.041438147 | X38: =K38/F38 -> 0.012797075 | Y38: =Q38 -> 0.13436929 | Z38: =M38/F38 -> 0.014320536 | AA38: =N38/F38 -> 0.0079219988 | AB38: =P38/F38 -> 0.027117611 | AC38: =Q38 -> 0.13436929 | AD38: =(H38+K38+N38)/($F38) -> 0.026203534 | AE38: =(I38+L38+O38)/($F38) -> 0.058196222 | AF38: =(J38+M38+P38)/($F38) -> 0.049969531 | AG38: =$D$7+$D$8*AH38+$D$9*AH38*AH38 -> 0.0075711638 | AH38: =Y38 -> 0.13436929 | AI38: =$D$3+$D$5*Q38*Q38+$D$8*Q38 -> 0.0070274231 | AJ38: =$D$3+$D$4*AH38+$D$5*AH38*AH38 -> 0.0064227613 | AK38: =AA38-AI38 -> 0.00089457564 | AL38: =T38-AJ38 -> -0.0021570697 | AM38: =$D$14*AK38 -> 0.00072623512 | AN38: =AH38 -> 0.13436929 | AO38: =IF(AI38+AM38<0,0,AI38+AM38) -> 0.0077536583 | AP38: =AO38/AA38 -> 0.97875025 | AQ38: =N38 -> 26 | AR38: =ROUND(AP38*N38,0) -> 25 | AS38: ='M1,M2,M3 Restoration'!AU38 -> 0.34512022 | AT38: =IF(ROUND((AR38*(1-AS38))/AS38,0)<0,0,ROUND((AR38*(1-AS38))/AS38,0)) -> 47 | AU38: ='N1,N2,N3 Restoration'!AX38 -> 0.15181869 | AV38: =H38+J38 -> 46 | AW38: =ROUND((AV38*AU38)/(1-AU38),0) -> 8 | AX38: 41
A39: Average A2C3boost | B39: =(B35+B37)/2 -> 2.1578146 | E39: 1356 | F39: 2114 | G39: =H39+I39+J39+K39+L39+M39+N39+O39+P39 -> 297 | H39: 12 | I39: 32 | J39: 13 | K39: 35 | L39: 103 | M39: 28 | N39: 13 | O39: 19 | P39: 42 | Q39: =G39/F39 -> 0.14049196 | R39: =H39/F39 -> 0.0056764428 | S39: =J39/F39 -> 0.0061494797 | T39: =O39/F39 -> 0.008987701 | U39: =Q39 -> 0.14049196 | V39: =I39/F39 -> 0.015137181 | W39: =L39/F39 -> 0.0487228 | X39: =K39/F39 -> 0.016556291 | Y39: =Q39 -> 0.14049196 | Z39: =M39/F39 -> 0.013245033 | AA39: =N39/F39 -> 0.0061494797 | AB39: =P39/F39 -> 0.01986755 | AC39: =Q39 -> 0.14049196 | AD39: =(H39+K39+N39)/($F39) -> 0.028382214 | AE39: =(I39+L39+O39)/($F39) -> 0.072847682 | AF39: =(J39+M39+P39)/($F39) -> 0.039262062 | AG39: =$D$7+$D$8*AH39+$D$9*AH39*AH39 -> 0.0079668705 | AH39: =Y39 -> 0.14049196 | AI39: =$D$3+$D$5*Q39*Q39+$D$8*Q39 -> 0.0073882941 | AJ39: =$D$3+$D$4*AH39+$D$5*AH39*AH39 -> 0.0067560803 | AK39: =AA39-AI39 -> -0.0012388145 | AL39: =T39-AJ39 -> 0.0022316207 | AM39: =$D$14*AK39 -> -0.0010056954 | AN39: =AH39 -> 0.14049196 | AO39: =IF(AI39+AM39<0,0,AI39+AM39) -> 0.0063825988 | AP39: =AO39/AA39 -> 1.0379088 | AQ39: =N39 -> 13 | AR39: =ROUND(AP39*N39,0) -> 13 | AS39: ='M1,M2,M3 Restoration'!AU39 -> 0.43795364 | AT39: =IF(ROUND((AR39*(1-AS39))/AS39,0)<0,0,ROUND((AR39*(1-AS39))/AS39,0)) -> 17 | AU39: ='N1,N2,N3 Restoration'!AX39 -> 0.49945245 | AV39: =H39+J39 -> 25 | AW39: =ROUND((AV39*AU39)/(1-AU39),0) -> 25 | AX39: 32
E40: 1368 | F40: 2057 | G40: =H40+I40+J40+K40+L40+M40+N40+O40+P40 -> 258 | H40: 15 | I40: 24 | J40: 20 | K40: 28 | L40: 75 | M40: 18 | N40: 13 | O40: 13 | P40: 52 | Q40: =G40/F40 -> 0.12542538 | R40: =H40/F40 -> 0.0072921731 | S40: =J40/F40 -> 0.0097228974 | T40: =O40/F40 -> 0.0063198833 | U40: =Q40 -> 0.12542538 | V40: =I40/F40 -> 0.011667477 | W40: =L40/F40 -> 0.036460865 | X40: =K40/F40 -> 0.013612056 | Y40: =Q40 -> 0.12542538 | Z40: =M40/F40 -> 0.0087506077 | AA40: =N40/F40 -> 0.0063198833 | AB40: =P40/F40 -> 0.025279533 | AC40: =Q40 -> 0.12542538 | AD40: =(H40+K40+N40)/($F40) -> 0.027224113 | AE40: =(I40+L40+O40)/($F40) -> 0.054448226 | AF40: =(J40+M40+P40)/($F40) -> 0.043753038 | AG40: =$D$7+$D$8*AH40+$D$9*AH40*AH40 -> 0.0069812223 | AH40: =Y40 -> 0.12542538 | AI40: =$D$3+$D$5*Q40*Q40+$D$8*Q40 -> 0.0064855798 | AJ40: =$D$3+$D$4*AH40+$D$5*AH40*AH40 -> 0.0059211656 | AK40: =AA40-AI40 -> -0.00016569643 | AL40: =T40-AJ40 -> 0.00039871777 | AM40: =$D$14*AK40 -> -0.00013451581 | AN40: =AH40 -> 0.12542538 | AO40: =IF(AI40+AM40<0,0,AI40+AM40) -> 0.0063510639 | AP40: =AO40/AA40 -> 1.0049337 | AQ40: =N40 -> 13 | AR40: =ROUND(AP40*N40,0) -> 13 | AS40: ='M1,M2,M3 Restoration'!AU40 -> 0.35289988 | AT40: =IF(ROUND((AR40*(1-AS40))/AS40,0)<0,0,ROUND((AR40*(1-AS40))/AS40,0)) -> 24 | AU40: ='N1,N2,N3 Restoration'!AX40 -> 0.21511881 | AV40: =H40+J40 -> 35 | AW40: =ROUND((AV40*AU40)/(1-AU40),0) -> 10 | AX40: 24
E41: 1389 | F41: 1233 | G41: =H41+I41+J41+K41+L41+M41+N41+O41+P41 -> 256 | H41: 5 | I41: 15 | J41: 11 | K41: 40 | L41: 88 | M41: 31 | N41: 16 | O41: 12 | P41: 38 | Q41: =G41/F41 -> 0.20762368 | R41: =H41/F41 -> 0.00405515 | S41: =J41/F41 -> 0.0089213301 | T41: =O41/F41 -> 0.0097323601 | U41: =Q41 -> 0.20762368 | V41: =I41/F41 -> 0.01216545 | W41: =L41/F41 -> 0.071370641 | X41: =K41/F41 -> 0.0324412 | Y41: =Q41 -> 0.20762368 | Z41: =M41/F41 -> 0.02514193 | AA41: =N41/F41 -> 0.01297648 | AB41: =P41/F41 -> 0.03081914 | AC41: =Q41 -> 0.20762368 | AD41: =(H41+K41+N41)/($F41) -> 0.04947283 | AE41: =(I41+L41+O41)/($F41) -> 0.093268451 | AF41: =(J41+M41+P41)/($F41) -> 0.064882401 | AG41: =$D$7+$D$8*AH41+$D$9*AH41*AH41 -> 0.011871345 | AH41: =Y41 -> 0.20762368 | AI41: =$D$3+$D$5*Q41*Q41+$D$8*Q41 -> 0.010809018 | AJ41: =$D$3+$D$4*AH41+$D$5*AH41*AH41 -> 0.0098747111 | AK41: =AA41-AI41 -> 0.0021674625 | AL41: =T41-AJ41 -> -0.00014235099 | AM41: =$D$14*AK41 -> 0.0017595911 | AN41: =AH41 -> 0.20762368 | AO41: =IF(AI41+AM41<0,0,AI41+AM41) -> 0.012568609 | AP41: =AO41/AA41 -> 0.96856841 | AQ41: =N41 -> 16 | AR41: =ROUND(AP41*N41,0) -> 15 | AS41: ='M1,M2,M3 Restoration'!AU41 -> 0.35349862 | AT41: =IF(ROUND((AR41*(1-AS41))/AS41,0)<0,0,ROUND((AR41*(1-AS41))/AS41,0)) -> 27 | AU41: ='N1,N2,N3 Restoration'!AX41 -> 0.23588773 | AV41: =H41+J41 -> 16 | AW41: =ROUND((AV41*AU41)/(1-AU41),0) -> 5 | AX41: 15
E42: 1390 | F42: 3408 | G42: =H42+I42+J42+K42+L42+M42+N42+O42+P42 -> 666 | H42: 31 | I42: 46 | J42: 35 | K42: 73 | L42: 244 | M42: 60 | N42: 27 | O42: 29 | P42: 121 | Q42: =G42/F42 -> 0.19542254 | R42: =H42/F42 -> 0.0090962441 | S42: =J42/F42 -> 0.010269953 | T42: =O42/F42 -> 0.0085093897 | U42: =Q42 -> 0.19542254 | V42: =I42/F42 -> 0.013497653 | W42: =L42/F42 -> 0.071596244 | X42: =K42/F42 -> 0.021420188 | Y42: =Q42 -> 0.19542254 | Z42: =M42/F42 -> 0.017605634 | AA42: =N42/F42 -> 0.0079225352 | AB42: =P42/F42 -> 0.035504695 | AC42: =Q42 -> 0.19542254 | AD42: =(H42+K42+N42)/($F42) -> 0.038438967 | AE42: =(I42+L42+O42)/($F42) -> 0.093603286 | AF42: =(J42+M42+P42)/($F42) -> 0.063380282 | AG42: =$D$7+$D$8*AH42+$D$9*AH42*AH42 -> 0.011220889 | AH42: =Y42 -> 0.19542254 | AI42: =$D$3+$D$5*Q42*Q42+$D$8*Q42 -> 0.010260357 | AJ42: =$D$3+$D$4*AH42+$D$5*AH42*AH42 -> 0.0093809555 | AK42: =AA42-AI42 -> -0.0023378217 | AL42: =T42-AJ42 -> -0.00087156587 | AM42: =$D$14*AK42 -> -0.0018978923 | AN42: =AH42 -> 0.19542254 | AO42: =IF(AI42+AM42<0,0,AI42+AM42) -> 0.0083624646 | AP42: =AO42/AA42 -> 1.0555289 | AQ42: =N42 -> 27 | AR42: =ROUND(AP42*N42,0) -> 28 | AS42: ='M1,M2,M3 Restoration'!AU42 -> 0.36657106 | AT42: =IF(ROUND((AR42*(1-AS42))/AS42,0)<0,0,ROUND((AR42*(1-AS42))/AS42,0)) -> 48 | AU42: ='N1,N2,N3 Restoration'!AX42 -> 0.23629753 | AV42: =H42+J42 -> 66 | AW42: =ROUND((AV42*AU42)/(1-AU42),0) -> 20 | AX42: 46
E43: 1394 | F43: 2882 | G43: =H43+I43+J43+K43+L43+M43+N43+O43+P43 -> 892 | H43: 44 | I43: 74 | J43: 55 | K43: 105 | L43: 352 | M43: 92 | N43: 28 | O43: 30 | P43: 112 | Q43: =G43/F43 -> 0.30950729 | R43: =H43/F43 -> 0.015267176 | S43: =J43/F43 -> 0.019083969 | T43: =O43/F43 -> 0.010409438 | U43: =Q43 -> 0.30950729 | V43: =I43/F43 -> 0.025676613 | W43: =L43/F43 -> 0.1221374 | X43: =K43/F43 -> 0.036433033 | Y43: =Q43 -> 0.30950729 | Z43: =M43/F43 -> 0.031922276 | AA43: =N43/F43 -> 0.0097154754 | AB43: =P43/F43 -> 0.038861901 | AC43: =Q43 -> 0.30950729 | AD43: =(H43+K43+N43)/($F43) -> 0.061415684 | AE43: =(I43+L43+O43)/($F43) -> 0.15822346 | AF43: =(J43+M43+P43)/($F43) -> 0.089868147 | AG43: =$D$7+$D$8*AH43+$D$9*AH43*AH43 -> 0.01627652 | AH43: =Y43 -> 0.30950729 | AI43: =$D$3+$D$5*Q43*Q43+$D$8*Q43 -> 0.014123569 | AJ43: =$D$3+$D$4*AH43+$D$5*AH43*AH43 -> 0.012730786 | AK43: =AA43-AI43 -> -0.0044080935 | AL43: =T43-AJ43 -> -0.0023213482 | AM43: =$D$14*AK43 -> -0.003578582 | AN43: =AH43 -> 0.30950729 | AO43: =IF(AI43+AM43<0,0,AI43+AM43) -> 0.010544987 | AP43: =AO43/AA43 -> 1.0853804 | AQ43: =N43 -> 28 | AR43: =ROUND(AP43*N43,0) -> 30 | AS43: ='M1,M2,M3 Restoration'!AU43 -> 0.36330604 | AT43: =IF(ROUND((AR43*(1-AS43))/AS43,0)<0,0,ROUND((AR43*(1-AS43))/AS43,0)) -> 53 | AU43: ='N1,N2,N3 Restoration'!AX43 -> 0.23824659 | AV43: =H43+J43 -> 99 | AW43: =ROUND((AV43*AU43)/(1-AU43),0) -> 31 | AX43: 74
E44: 1396 | F44: 3159 | G44: =H44+I44+J44+K44+L44+M44+N44+O44+P44 -> 622 | H44: 18 | I44: 55 | J44: 22 | K44: 71 | L44: 226 | M44: 67 | N44: 20 | O44: 39 | P44: 104 | Q44: =G44/F44 -> 0.19689775 | R44: =H44/F44 -> 0.0056980057 | S44: =J44/F44 -> 0.0069642292 | T44: =O44/F44 -> 0.012345679 | U44: =Q44 -> 0.19689775 | V44: =I44/F44 -> 0.017410573 | W44: =L44/F44 -> 0.071541627 | X44: =K44/F44 -> 0.022475467 | Y44: =Q44 -> 0.19689775 | Z44: =M44/F44 -> 0.021209243 | AA44: =N44/F44 -> 0.0063311174 | AB44: =P44/F44 -> 0.032921811 | AC44: =Q44 -> 0.19689775 | AD44: =(H44+K44+N44)/($F44) -> 0.03450459 | AE44: =(I44+L44+O44)/($F44) -> 0.10129788 | AF44: =(J44+M44+P44)/($F44) -> 0.061095283 | AG44: =$D$7+$D$8*AH44+$D$9*AH44*AH44 -> 0.011300932 | AH44: =Y44 -> 0.19689775 | AI44: =$D$3+$D$5*Q44*Q44+$D$8*Q44 -> 0.010328419 | AJ44: =$D$3+$D$4*AH44+$D$5*AH44*AH44 -> 0.0094423793 | AK44: =AA44-AI44 -> -0.0039973017 | AL44: =T44-AJ44 -> 0.0029032997 | AM44: =$D$14*AK44 -> -0.0032450927 | AN44: =AH44 -> 0.19689775 | AO44: =IF(AI44+AM44<0,0,AI44+AM44) -> 0.0070833265 | AP44: =AO44/AA44 -> 1.1188114 | AQ44: =N44 -> 20 | AR44: =ROUND(AP44*N44,0) -> 22 | AS44: ='M1,M2,M3 Restoration'!AU44 -> 0.32410677 | AT44: =IF(ROUND((AR44*(1-AS44))/AS44,0)<0,0,ROUND((AR44*(1-AS44))/AS44,0)) -> 46 | AU44: ='N1,N2,N3 Restoration'!AX44 -> 0.49240121 | AV44: =H44+J44 -> 40 | AW44: =ROUND((AV44*AU44)/(1-AU44),0) -> 39 | AX44: 55
E45: 1411 | F45: 2771 | G45: =H45+I45+J45+K45+L45+M45+N45+O45+P45 -> 712 | H45: 14 | I45: 69 | J45: 31 | K45: 68 | L45: 274 | M45: 98 | N45: 40 | O45: 26 | P45: 92 | Q45: =G45/F45 -> 0.25694695 | R45: =H45/F45 -> 0.0050523277 | S45: =J45/F45 -> 0.011187297 | T45: =O45/F45 -> 0.0093828943 | U45: =Q45 -> 0.25694695 | V45: =I45/F45 -> 0.024900758 | W45: =L45/F45 -> 0.09888127 | X45: =K45/F45 -> 0.024539877 | Y45: =Q45 -> 0.25694695 | Z45: =M45/F45 -> 0.035366294 | AA45: =N45/F45 -> 0.014435222 | AB45: =P45/F45 -> 0.03320101 | AC45: =Q45 -> 0.25694695 | AD45: =(H45+K45+N45)/($F45) -> 0.044027427 | AE45: =(I45+L45+O45)/($F45) -> 0.13316492 | AF45: =(J45+M45+P45)/($F45) -> 0.079754601 | AG45: =$D$7+$D$8*AH45+$D$9*AH45*AH45 -> 0.014232865 | AH45: =Y45 -> 0.25694695 | AI45: =$D$3+$D$5*Q45*Q45+$D$8*Q45 -> 0.012696215 | AJ45: =$D$3+$D$4*AH45+$D$5*AH45*AH45 -> 0.011539953 | AK45: =AA45-AI45 -> 0.0017390072 | AL45: =T45-AJ45 -> -0.0021570592 | AM45: =$D$14*AK45 -> 0.0014117622 | AN45: =AH45 -> 0.25694695 | AO45: =IF(AI45+AM45<0,0,AI45+AM45) -> 0.014107977 | AP45: =AO45/AA45 -> 0.9773301 | AQ45: =N45 -> 40 | AR45: =ROUND(AP45*N45,0) -> 39 | AS45: ='M1,M2,M3 Restoration'!AU45 -> 0.36172538 | AT45: =IF(ROUND((AR45*(1-AS45))/AS45,0)<0,0,ROUND((AR45*(1-AS45))/AS45,0)) -> 69 | AU45: ='N1,N2,N3 Restoration'!AX45 -> 0.31699521 | AV45: =H45+J45 -> 45 | AW45: =ROUND((AV45*AU45)/(1-AU45),0) -> 21 | AX45: 69
E46: 1510 | F46: 800 | G46: =H46+I46+J46+K46+L46+M46+N46+O46+P46 -> 263 | H46: 13 | I46: 29 | J46: 13 | K46: 31 | L46: 96 | M46: 21 | N46: 6 | O46: 7 | P46: 47 | Q46: =G46/F46 -> 0.32875 | R46: =H46/F46 -> 0.01625 | S46: =J46/F46 -> 0.01625 | T46: =O46/F46 -> 0.00875 | U46: =Q46 -> 0.32875 | V46: =I46/F46 -> 0.03625 | W46: =L46/F46 -> 0.12 | X46: =K46/F46 -> 0.03875 | Y46: =Q46 -> 0.32875 | Z46: =M46/F46 -> 0.02625 | AA46: =N46/F46 -> 0.0075 | AB46: =P46/F46 -> 0.05875 | AC46: =Q46 -> 0.32875 | AD46: =(H46+K46+N46)/($F46) -> 0.0625 | AE46: =(I46+L46+O46)/($F46) -> 0.165 | AF46: =(J46+M46+P46)/($F46) -> 0.10125 | AG46: =$D$7+$D$8*AH46+$D$9*AH46*AH46 -> 0.016902715 | AH46: =Y46 -> 0.32875 | AI46: =$D$3+$D$5*Q46*Q46+$D$8*Q46 -> 0.01449553 | AJ46: =$D$3+$D$4*AH46+$D$5*AH46*AH46 -> 0.013016155 | AK46: =AA46-AI46 -> -0.0069955297 | AL46: =T46-AJ46 -> -0.0042661547 | AM46: =$D$14*AK46 -> -0.0056791165 | AN46: =AH46 -> 0.32875 | AO46: =IF(AI46+AM46<0,0,AI46+AM46) -> 0.0088164131 | AP46: =AO46/AA46 -> 1.1755218 | AQ46: =N46 -> 6 | AR46: =ROUND(AP46*N46,0) -> 7 | AS46: ='M1,M2,M3 Restoration'!AU46 -> 0.32400315 | AT46: =IF(ROUND((AR46*(1-AS46))/AS46,0)<0,0,ROUND((AR46*(1-AS46))/AS46,0)) -> 15 | AU46: ='N1,N2,N3 Restoration'!AX46 -> 0.30320537 | AV46: =H46+J46 -> 26 | AW46: =ROUND((AV46*AU46)/(1-AU46),0) -> 11 | AX46: 29
E47: 1514 | F47: 1905 | G47: =H47+I47+J47+K47+L47+M47+N47+O47+P47 -> 497 | H47: 8 | I47: 33 | J47: 18 | K47: 82 | L47: 172 | M47: 54 | N47: 29 | O47: 24 | P47: 77 | Q47: =G47/F47 -> 0.26089239 | R47: =H47/F47 -> 0.0041994751 | S47: =J47/F47 -> 0.0094488189 | T47: =O47/F47 -> 0.012598425 | U47: =Q47 -> 0.26089239 | V47: =I47/F47 -> 0.017322835 | W47: =L47/F47 -> 0.090288714 | X47: =K47/F47 -> 0.043044619 | Y47: =Q47 -> 0.26089239 | Z47: =M47/F47 -> 0.028346457 | AA47: =N47/F47 -> 0.015223097 | AB47: =P47/F47 -> 0.040419948 | AC47: =Q47 -> 0.26089239 | AD47: =(H47+K47+N47)/($F47) -> 0.062467192 | AE47: =(I47+L47+O47)/($F47) -> 0.12020997 | AF47: =(J47+M47+P47)/($F47) -> 0.078215223 | AG47: =$D$7+$D$8*AH47+$D$9*AH47*AH47 -> 0.014403208 | AH47: =Y47 -> 0.26089239 | AI47: =$D$3+$D$5*Q47*Q47+$D$8*Q47 -> 0.012824266 | AJ47: =$D$3+$D$4*AH47+$D$5*AH47*AH47 -> 0.01165025 | AK47: =AA47-AI47 -> 0.0023988312 | AL47: =T47-AJ47 -> 0.00094817499 | AM47: =$D$14*AK47 -> 0.001947421 | AN47: =AH47 -> 0.26089239 | AO47: =IF(AI47+AM47<0,0,AI47+AM47) -> 0.014771687 | AP47: =AO47/AA47 -> 0.97034703 | AQ47: =N47 -> 29 | AR47: =ROUND(AP47*N47,0) -> 28 | AS47: ='M1,M2,M3 Restoration'!AU47 -> 0.32486461 | AT47: =IF(ROUND((AR47*(1-AS47))/AS47,0)<0,0,ROUND((AR47*(1-AS47))/AS47,0)) -> 58 | AU47: ='N1,N2,N3 Restoration'!AX47 -> 0.29820326 | AV47: =H47+J47 -> 26 | AW47: =ROUND((AV47*AU47)/(1-AU47),0) -> 11 | AX47: 33
E48: 1517 | F48: 2627 | G48: =H48+I48+J48+K48+L48+M48+N48+O48+P48 -> 940 | H48: 51 | I48: 67 | J48: 36 | K48: 159 | L48: 353 | M48: 103 | N48: 30 | O48: 28 | P48: 113 | Q48: =G48/F48 -> 0.35782261 | R48: =H48/F48 -> 0.01941378 | S48: =J48/F48 -> 0.013703845 | T48: =O48/F48 -> 0.010658546 | U48: =Q48 -> 0.35782261 | V48: =I48/F48 -> 0.025504378 | W48: =L48/F48 -> 0.13437381 | X48: =K48/F48 -> 0.060525314 | Y48: =Q48 -> 0.35782261 | Z48: =M48/F48 -> 0.039208222 | AA48: =N48/F48 -> 0.011419871 | AB48: =P48/F48 -> 0.043014846 | AC48: =Q48 -> 0.35782261 | AD48: =(H48+K48+N48)/($F48) -> 0.091358965 | AE48: =(I48+L48+O48)/($F48) -> 0.17053673 | AF48: =(J48+M48+P48)/($F48) -> 0.095926913 | AG48: =$D$7+$D$8*AH48+$D$9*AH48*AH48 -> 0.017724761 | AH48: =Y48 -> 0.35782261 | AI48: =$D$3+$D$5*Q48*Q48+$D$8*Q48 -> 0.014904395 | AJ48: =$D$3+$D$4*AH48+$D$5*AH48*AH48 -> 0.013294193 | AK48: =AA48-AI48 -> -0.0034845243 | AL48: =T48-AJ48 -> -0.0026356472 | AM48: =$D$14*AK48 -> -0.0028288093 | AN48: =AH48 -> 0.35782261 | AO48: =IF(AI48+AM48<0,0,AI48+AM48) -> 0.012075586 | AP48: =AO48/AA48 -> 1.0574188 | AQ48: =N48 -> 30 | AR48: =ROUND(AP48*N48,0) -> 32 | AS48: ='M1,M2,M3 Restoration'!AU48 -> 0.50516365 | AT48: =IF(ROUND((AR48*(1-AS48))/AS48,0)<0,0,ROUND((AR48*(1-AS48))/AS48,0)) -> 31 | AU48: ='N1,N2,N3 Restoration'!AX48 -> 0.29242681 | AV48: =H48+J48 -> 87 | AW48: =ROUND((AV48*AU48)/(1-AU48),0) -> 36 | AX48: 67
E49: 1518 | F49: 2532 | G49: =H49+I49+J49+K49+L49+M49+N49+O49+P49 -> 887 | H49: 44 | I49: 67 | J49: 25 | K49: 131 | L49: 313 | M49: 100 | N49: 47 | O49: 38 | P49: 122 | Q49: =G49/F49 -> 0.35031596 | R49: =H49/F49 -> 0.017377567 | S49: =J49/F49 -> 0.0098736177 | T49: =O49/F49 -> 0.015007899 | U49: =Q49 -> 0.35031596 | V49: =I49/F49 -> 0.026461295 | W49: =L49/F49 -> 0.12361769 | X49: =K49/F49 -> 0.051737757 | Y49: =Q49 -> 0.35031596 | Z49: =M49/F49 -> 0.039494471 | AA49: =N49/F49 -> 0.018562401 | AB49: =P49/F49 -> 0.048183254 | AC49: =Q49 -> 0.35031596 | AD49: =(H49+K49+N49)/($F49) -> 0.087677725 | AE49: =(I49+L49+O49)/($F49) -> 0.16508689 | AF49: =(J49+M49+P49)/($F49) -> 0.097551343 | AG49: =$D$7+$D$8*AH49+$D$9*AH49*AH49 -> 0.0175268 | AH49: =Y49 -> 0.35031596 | AI49: =$D$3+$D$5*Q49*Q49+$D$8*Q49 -> 0.01481647 | AJ49: =$D$3+$D$4*AH49+$D$5*AH49*AH49 -> 0.013240048 | AK49: =AA49-AI49 -> 0.0037459311 | AL49: =T49-AJ49 -> 0.0017678505 | AM49: =$D$14*AK49 -> 0.0030410248 | AN49: =AH49 -> 0.35031596 | AO49: =IF(AI49+AM49<0,0,AI49+AM49) -> 0.017857495 | AP49: =AO49/AA49 -> 0.96202505 | AQ49: =N49 -> 47 | AR49: =ROUND(AP49*N49,0) -> 45 | AS49: ='M1,M2,M3 Restoration'!AU49 -> 0.63095565 | AT49: =IF(ROUND((AR49*(1-AS49))/AS49,0)<0,0,ROUND((AR49*(1-AS49))/AS49,0)) -> 26 | AU49: ='N1,N2,N3 Restoration'!AX49 -> 0.39006277 | AV49: =H49+J49 -> 69 | AW49: =ROUND((AV49*AU49)/(1-AU49),0) -> 44 | AX49: 67
E50: 1525 | F50: 1983 | G50: =H50+I50+J50+K50+L50+M50+N50+O50+P50 -> 559 | H50: 17 | I50: 46 | J50: 11 | K50: 67 | L50: 229 | M50: 63 | N50: 21 | O50: 21 | P50: 84 | Q50: =G50/F50 -> 0.28189612 | R50: =H50/F50 -> 0.0085728694 | S50: =J50/F50 -> 0.0055471508 | T50: =O50/F50 -> 0.010590015 | U50: =Q50 -> 0.28189612 | V50: =I50/F50 -> 0.023197176 | W50: =L50/F50 -> 0.11548159 | X50: =K50/F50 -> 0.033787191 | Y50: =Q50 -> 0.28189612 | Z50: =M50/F50 -> 0.031770045 | AA50: =N50/F50 -> 0.010590015 | AB50: =P50/F50 -> 0.042360061 | AC50: =Q50 -> 0.28189612 | AD50: =(H50+K50+N50)/($F50) -> 0.052950076 | AE50: =(I50+L50+O50)/($F50) -> 0.14926878 | AF50: =(J50+M50+P50)/($F50) -> 0.079677257 | AG50: =$D$7+$D$8*AH50+$D$9*AH50*AH50 -> 0.015263768 | AH50: =Y50 -> 0.28189612 | AI50: =$D$3+$D$5*Q50*Q50+$D$8*Q50 -> 0.013448834 | AJ50: =$D$3+$D$4*AH50+$D$5*AH50*AH50 -> 0.012180301 | AK50: =AA50-AI50 -> -0.0028588188 | AL50: =T50-AJ50 -> -0.0015902863 | AM50: =$D$14*AK50 -> -0.0023208486 | AN50: =AH50 -> 0.28189612 | AO50: =IF(AI50+AM50<0,0,AI50+AM50) -> 0.011127985 | AP50: =AO50/AA50 -> 1.0507998 | AQ50: =N50 -> 21 | AR50: =ROUND(AP50*N50,0) -> 22 | AS50: ='M1,M2,M3 Restoration'!AU50 -> 0.51045561 | AT50: =IF(ROUND((AR50*(1-AS50))/AS50,0)<0,0,ROUND((AR50*(1-AS50))/AS50,0)) -> 21 | AU50: ='N1,N2,N3 Restoration'!AX50 -> 0.49223964 | AV50: =H50+J50 -> 28 | AW50: =ROUND((AV50*AU50)/(1-AU50),0) -> 27 | AX50: 46
E51: 1550 | F51: 961 | G51: =H51+I51+J51+K51+L51+M51+N51+O51+P51 -> 311 | H51: 13 | I51: 10 | J51: 12 | K51: 36 | L51: 114 | M51: 54 | N51: 22 | O51: 11 | P51: 39 | Q51: =G51/F51 -> 0.32362123 | R51: =H51/F51 -> 0.013527575 | S51: =J51/F51 -> 0.012486993 | T51: =O51/F51 -> 0.01144641 | U51: =Q51 -> 0.32362123 | V51: =I51/F51 -> 0.010405827 | W51: =L51/F51 -> 0.11862643 | X51: =K51/F51 -> 0.037460978 | Y51: =Q51 -> 0.32362123 | Z51: =M51/F51 -> 0.056191467 | AA51: =N51/F51 -> 0.02289282 | AB51: =P51/F51 -> 0.040582726 | AC51: =Q51 -> 0.32362123 | AD51: =(H51+K51+N51)/($F51) -> 0.073881374 | AE51: =(I51+L51+O51)/($F51) -> 0.14047867 | AF51: =(J51+M51+P51)/($F51) -> 0.10926119 | AG51: =$D$7+$D$8*AH51+$D$9*AH51*AH51 -> 0.016742206 | AH51: =Y51 -> 0.32362123 | AI51: =$D$3+$D$5*Q51*Q51+$D$8*Q51 -> 0.014404281 | AJ51: =$D$3+$D$4*AH51+$D$5*AH51*AH51 -> 0.012947985 | AK51: =AA51-AI51 -> 0.008488539 | AL51: =T51-AJ51 -> -0.0015015754 | AM51: =$D$14*AK51 -> 0.0068911726 | AN51: =AH51 -> 0.32362123 | AO51: =IF(AI51+AM51<0,0,AI51+AM51) -> 0.021295454 | AP51: =AO51/AA51 -> 0.93022413 | AQ51: =N51 -> 22 | AR51: =ROUND(AP51*N51,0) -> 20 | AS51: ='M1,M2,M3 Restoration'!AU51 -> 0.6137579 | AT51: =IF(ROUND((AR51*(1-AS51))/AS51,0)<0,0,ROUND((AR51*(1-AS51))/AS51,0)) -> 13 | AU51: ='N1,N2,N3 Restoration'!AX51 -> 0.1372303 | AV51: =H51+J51 -> 25 | AW51: =ROUND((AV51*AU51)/(1-AU51),0) -> 4 | AX51: 10
... E174: 2775 | F174: 3006 | G174: =H174+I174+J174+K174+L174+M174+N174+O174+P174 -> 1585 | H174: 88 | I174: 210 | J174: 125 | K174: 122 | L174: 666 | M174: 145 | N174: 37 | O174: 23 | P174: 169 | Q174: =G174/F174 -> 0.52727878 | R174: =H174/F174 -> 0.029274784 | S174: =J174/F174 -> 0.0415835 | T174: =O174/F174 -> 0.0076513639 | U174: =Q174 -> 0.52727878 | V174: =I174/F174 -> 0.069860279 | W174: =L174/F174 -> 0.22155689 | X174: =K174/F174 -> 0.040585496 | Y174: =Q174 -> 0.52727878 | Z174: =M174/F174 -> 0.04823686 | AA174: =N174/F174 -> 0.012308716 | AB174: =P174/F174 -> 0.056220892 | AC174: =Q174 -> 0.52727878 | AD174: =(H174+K174+N174)/($F174) -> 0.082168995 | AE174: =(I174+L174+O174)/($F174) -> 0.29906853 | AF174: =(J174+M174+P174)/($F174) -> 0.14604125 | AG174: =$D$7+$D$8*AH174+$D$9*AH174*AH174 -> 0.01954566 | AH174: =Y174 -> 0.52727878 | AI174: =$D$3+$D$5*Q174*Q174+$D$8*Q174 -> 0.013620586 | AJ174: =$D$3+$D$4*AH174+$D$5*AH174*AH174 -> 0.011247832 | AK174: =AA174-AI174 -> -0.0013118704 | AL174: =T174-AJ174 -> -0.0035964678 | AM174: =$D$14*AK174 -> -0.0010650037 | AN174: =AH174 -> 0.52727878 | AO174: =IF(AI174+AM174<0,0,AI174+AM174) -> 0.012555583 | AP174: =AO174/AA174 -> 1.0200563 | AQ174: =N174 -> 37 | AR174: =ROUND(AP174*N174,0) -> 38 | AS174: ='M1,M2,M3 Restoration'!AU174 -> 0.31020014 | AT174: =IF(ROUND((AR174*(1-AS174))/AS174,0)<0,0,ROUND((AR174*(1-AS174))/AS174,0)) -> 85 | AU174: ='N1,N2,N3 Restoration'!AX174 -> 0.16556085 | AV174: =H174+J174 -> 213 | AW174: =ROUND((AV174*AU174)/(1-AU174),0) -> 42 | AX174: 210
E175: 2776 | F175: 2761 | G175: =H175+I175+J175+K175+L175+M175+N175+O175+P175 -> 1171 | H175: 12 | I175: 179 | J175: 101 | K175: 72 | L175: 477 | M175: 109 | N175: 16 | O175: 31 | P175: 174 | Q175: =G175/F175 -> 0.4241217 | R175: =H175/F175 -> 0.0043462514 | S175: =J175/F175 -> 0.036580949 | T175: =O175/F175 -> 0.011227816 | U175: =Q175 -> 0.4241217 | V175: =I175/F175 -> 0.064831583 | W175: =L175/F175 -> 0.17276349 | X175: =K175/F175 -> 0.026077508 | Y175: =Q175 -> 0.4241217 | Z175: =M175/F175 -> 0.03947845 | AA175: =N175/F175 -> 0.0057950018 | AB175: =P175/F175 -> 0.063020645 | AC175: =Q175 -> 0.4241217 | AD175: =(H175+K175+N175)/($F175) -> 0.036218761 | AE175: =(I175+L175+O175)/($F175) -> 0.24882289 | AF175: =(J175+M175+P175)/($F175) -> 0.13908004 | AG175: =$D$7+$D$8*AH175+$D$9*AH175*AH175 -> 0.019041084 | AH175: =Y175 -> 0.4241217 | AI175: =$D$3+$D$5*Q175*Q175+$D$8*Q175 -> 0.015147585 | AJ175: =$D$3+$D$4*AH175+$D$5*AH175*AH175 -> 0.013239037 | AK175: =AA175-AI175 -> -0.0093525827 | AL175: =T175-AJ175 -> -0.0020112209 | AM175: =$D$14*AK175 -> -0.0075926213 | AN175: =AH175 -> 0.4241217 | AO175: =IF(AI175+AM175<0,0,AI175+AM175) -> 0.0075549633 | AP175: =AO175/AA175 -> 1.3037034 | AQ175: =N175 -> 16 | AR175: =ROUND(AP175*N175,0) -> 21 | AS175: ='M1,M2,M3 Restoration'!AU175 -> 0.021572348 | AT175: 50 | AU175: ='N1,N2,N3 Restoration'!AX175 -> 0.44543849 | AV175: =H175+J175 -> 113 | AW175: =ROUND((AV175*AU175)/(1-AU175),0) -> 91 | AX175: 179
